cnoowom0t4,alipay,1579353363
s27fqrf298,wechat,1579347938
tstx2mex8v,wechat,1579346614
9ndehnk9ae,wechat,1579349941
8ha3tt5k6j,alipay,1579352343
ika73onrwv,alipay,1579346821
7yrbyozy54,wechat,1579356485
7pe9q4f4zz,wechat,1579348980
xhd7mwskds,alipay,1579351317
7k5f8maeh0,alipay,1579355344
lersyb358f,alipay,1579347780
xm6poxpw5l,wechat,1579354347
f3c2obgxgc,wechat,1579350083
ixyry7soab,wechat,1579348638
pkfsegc3j3,wechat,1579352608
8hl5hv8gwm,alipay,1579356280
uvff51hohq,alipay,1579347201
q7olokoju4,wechat,1579355655
7ccma9mekc,wechat,1579352282
rgd8u9yw9u,wechat,1579356080
4qn2zq2x86,wechat,1579353916
per0ubuhpc,alipay,1579351210
qmj347amdz,alipay,1579352951
eij1ky04sb,wechat,1579347723
jz77dxjyfb,alipay,1579351664
kgop5a5ff9,alipay,1579347476
1wuza4zzu4,alipay,1579347954
akwfsn4tml,wechat,1579347368
c9kcdf1ddi,alipay,1579355067
wutewalfzn,wechat,1579347460
yi71lkfcoi,alipay,1579350069
snzhxgbu0x,wechat,1579354568
z7abarqcra,wechat,1579354848
l53zqv1oe9,wechat,1579355512
tcwu7foejl,alipay,1579349306
pv1ap0dlfm,wechat,1579351458
tjilcc4aad,wechat,1579347551
n7djdesajw,wechat,1579352400
1b4b64zjlz,wechat,1579354427
ix6lq9eirf,wechat,1579348722
nuwq2z0dd3,wechat,1579351513
4tov2tsovh,alipay,1579354985
fuxzupzlgn,alipay,1579348833
a05xv7yo36,wechat,1579349620
tunn66h8cq,alipay,1579350971
byfm7z7k0x,wechat,1579353045
zl8qv01t5e,wechat,1579354005
kjckcfvm3m,wechat,1579355863
4j6jew6mox,wechat,1579352749
p1jm8xar7g,alipay,1579348280
dujres2ndv,alipay,1579356155
artgx3ydqz,wechat,1579351634
8luqv186yk,wechat,1579352409
85klg9jfa5,alipay,1579353041
ufhqbc7362,wechat,1579354242
i1e8yd99ab,alipay,1579354535
g9prs5v7xq,wechat,1579349302
5z8sxovgi0,alipay,1579348819
i3lxtphipm,wechat,1579350029
bxtu5y4kzb,alipay,1579354751
1n8o8r51ts,alipay,1579352425
e06p4rz67x,wechat,1579347033
klogc1lp75,wechat,1579353344
4nr72ve3g3,alipay,1579356225
56elah0dek,wechat,1579351494
em3n3ire6x,wechat,1579347161
09p5weiwtc,wechat,1579348198
fpto8zuitz,wechat,1579356126
o0pisjs541,alipay,1579350157
26nec2ygru,alipay,1579349745
4vty93hfhf,wechat,1579347939
0slfc6tbac,alipay,1579351408
ylmlqwal27,alipay,1579350747
wv2m3ezdfh,wechat,1579354321
ddl8avrszw,alipay,1579350096
wo5w3yp9m7,alipay,1579353735
7ij31qrj6o,wechat,1579352513
sme4jaw4t1,alipay,1579354797
q2dt4ooils,wechat,1579354080
v2bzckkeei,wechat,1579346579
dmc9vf40w5,wechat,1579347708
f4axjx5mft,alipay,1579347331
d4r7lcuxul,wechat,1579347406
o7ghakhm7w,wechat,1579350762
hoso9nmrkk,wechat,1579352482
crg9id6jp3,wechat,1579348246
mpz4tov5no,wechat,1579348603
4hgciv4l37,wechat,1579347251
5rua4pyj1y,alipay,1579351974
v1ols223ds,wechat,1579352013
cn2kvclf54,alipay,1579347469
h8bzokd494,wechat,1579348469
45h6uxczdx,wechat,1579351527
solmzvxums,alipay,1579351852
blokvij7ei,alipay,1579355841
c1thrdlnie,wechat,1579351941
yhi8piv8ks,wechat,1579348427
5vwzb8ovqc,wechat,1579347984
17x6hllzyr,alipay,1579354544
fs6fj6s2ka,wechat,1579352536
6rehhfwiqv,alipay,1579351098
u0ustqu358,wechat,1579351071
3mdotw9klr,alipay,1579354678
5cfdz9n4yq,alipay,1579352119
qf669c0tbe,wechat,1579355155
4a9f4rgcy9,alipay,1579350891
8u7cliqlzj,alipay,1579353917
mj27id4j13,alipay,1579347881
5m1mg4op2k,alipay,1579348231
4nqbb1y77h,alipay,1579352777
kw32wtqm3q,wechat,1579350968
vyyxes4x4r,alipay,1579353148
1pwpqdumwp,wechat,1579347992
d3k31l8wab,alipay,1579346867
sbpi1htmrj,wechat,1579353870
rpgbuncu23,wechat,1579346959
z3hqly17oi,alipay,1579350258
026pj36k6q,wechat,1579347704
cpk4stif2q,wechat,1579350292
9vkg5uiczc,wechat,1579351189
uh76fn5ivq,alipay,1579346643
4hm75m8ow4,alipay,1579354216
nqtvrby233,wechat,1579350489
zaao6wrgx7,wechat,1579346530
wxzbrztqwq,alipay,1579353617
m5p2iybeq6,alipay,1579352627
26pbpszks2,wechat,1579356082
rdcvn9ybbd,wechat,1579351088
sexb4qell2,alipay,1579347426
3ue79ugyxp,alipay,1579347326
rlg2bau4w7,wechat,1579350334
2q8zogsrqw,wechat,1579347914
krpbzt3vym,alipay,1579351761
uzuhgas7ya,alipay,1579347252
j07m21ah4a,wechat,1579348079
5j4q2a8up2,wechat,1579350239
uwe2yjg5cf,wechat,1579347605
f9etal0wpu,alipay,1579347805
3nlqt0e9rb,wechat,1579355959
zyk5g5655n,alipay,1579355712
ahcpbawfxq,alipay,1579347169
iugxoo1nvr,wechat,1579350852
ne10cfij91,alipay,1579356159
qzwgcy4nfz,alipay,1579353424
wvkxhtqoky,wechat,1579356326
7ihfdsi1x1,wechat,1579347846
v10pwronmo,wechat,1579349275
0qfx0a57k6,wechat,1579350012
gnr8vibv18,alipay,1579352462
qz6tkpyxxh,wechat,1579353611
99h05n5lg6,wechat,1579354499
qryqiasw1y,wechat,1579353627
ug60h5pr6u,alipay,1579347159
1uz7cxexa4,alipay,1579350820
chpd679g5m,wechat,1579347776
7nfsyhlmft,wechat,1579347063
74y89rusih,alipay,1579355618
b2hya64l1x,alipay,1579347711
puk8ln2d8y,wechat,1579351101
9jqkmryk4y,wechat,1579353827
1tal7v7eij,wechat,1579347240
x5zgw2f843,alipay,1579354090
d3ep7cvthg,alipay,1579348613
n3o6hrn8id,wechat,1579353439
xwgc7vvce2,wechat,1579354286
yhnl0pz3is,alipay,1579353132
vjs4nqdubr,wechat,1579347664
b15dvf9fp1,wechat,1579354767
vmy20wv1lv,alipay,1579348010
fp9bwauq81,alipay,1579349059
rpllk489xi,wechat,1579355512
vgpsihqj4o,wechat,1579348663
zg4mnn25w8,wechat,1579354207
0np15k7sam,wechat,1579353189
pi5ogyrmxc,wechat,1579354810
2o5pgaicxp,alipay,1579353701
58jtssx0xx,wechat,1579352560
44zxh61ldv,wechat,1579353440
vieioa75c6,wechat,1579353555
wawhudfl7u,alipay,1579351318
5gw3laprf7,wechat,1579346732
qg57nvws14,alipay,1579354788
9gwpwvycro,alipay,1579347658
4v37onwyt6,alipay,1579349113
x0xicxm9j9,wechat,1579354580
xgckwbu4ke,alipay,1579350751
doy7dljw7o,wechat,1579346805
dhlrw9kgz6,wechat,1579353635
7z9fbktvbe,wechat,1579350445
crxwhx6cq9,wechat,1579348413
mmzvz6fq9q,wechat,1579346757
wwe2vxqk3h,alipay,1579356416
d5hxq47xcp,wechat,1579353900
6duwi05xur,alipay,1579352042
dadb5qrnd1,alipay,1579353785
enct9jiqwm,alipay,1579349553
pkarz0dwoo,wechat,1579351886
qiqrms9bd0,alipay,1579352838
49ino3w3x4,alipay,1579349360
x2lrwm5fth,wechat,1579349630
v6b77ct5mz,alipay,1579353645
il8w7mbbad,wechat,1579354844
arytqlk97f,wechat,1579355809
9eebwugk2j,wechat,1579351257
h1iior9788,alipay,1579350373
gq25q416c1,alipay,1579349567
nz78igh3f0,wechat,1579356059
9a3o8o4ztc,alipay,1579354031
3ndikuoy7d,alipay,1579353983
0z6n8r4n12,alipay,1579354344
09rt1lcrzc,wechat,1579353164
i07y91fx94,wechat,1579349192
pg7chwbgbp,wechat,1579351930
rmbbl0kkqq,wechat,1579351995
fzegwko6d2,wechat,1579347765
sky2iixjp6,wechat,1579354779
0281y88b2z,wechat,1579347474
f8sfb9z94k,wechat,1579351794
xzm6jt32no,wechat,1579354143
5w2ww4rmbb,alipay,1579350558
dtzembvup5,wechat,1579347317
lshomxp1qx,alipay,1579354308
rqjf5sxadv,alipay,1579348046
8pwfai8p5a,wechat,1579346526
jr0qj2vkn4,alipay,1579351028
4i9fyueuoe,alipay,1579355136
rz61k3t6sn,wechat,1579351930
8wb9jc0j0i,wechat,1579351273
fhc2hhzfgn,wechat,1579349154
r9yimfbqpt,wechat,1579355092
6b19jqis7z,alipay,1579355808
27tx2kzkqv,alipay,1579348993
uuvy26fcn2,alipay,1579349456
m382j8rflh,wechat,1579346861
l3dubos05z,wechat,1579354336
w648kipop8,wechat,1579356425
w0el0d9kp7,alipay,1579353155
fdeqwrodxm,wechat,1579350685
btec1ugzrh,alipay,1579353336
2lmaian9z7,wechat,1579353531
c1o2ksuurg,wechat,1579355631
f6jrm3664i,wechat,1579354093
ujjrizkhda,alipay,1579351389
xmo9nwtgiv,alipay,1579354183
8wvy2kd84p,wechat,1579348461
yrbnn4jfsh,alipay,1579353245
w7n5gn5icb,wechat,1579354684
s7cyr307mb,alipay,1579355654
6nvuol9c3n,wechat,1579352241
s8mq67etii,alipay,1579355897
rhrro5ea4s,wechat,1579355773
xo2a20xzgm,alipay,1579348205
6zmmxj40gx,alipay,1579352071
tkvwinx12l,alipay,1579348550
h5fttmdtou,wechat,1579349410
coiyquju26,wechat,1579348552
v84gpdi9di,wechat,1579350152
adocw6u9v8,alipay,1579352815
2vlrwe6hhb,wechat,1579351118
kvxeiiarpo,wechat,1579353506
gwb4yywb59,wechat,1579352381
1vilz7y3je,wechat,1579348523
mfnuak27hr,alipay,1579346673
kfbv4pyo0f,wechat,1579352575
o3vynkexzs,wechat,1579348371
twuivzs392,wechat,1579353635
z2t1530tb1,alipay,1579353145
eq92skugyf,alipay,1579350811
y2snbpyitl,alipay,1579346817
ia7vsritxf,wechat,1579353480
5vgvt6qm51,alipay,1579354677
vkv1lap6yp,wechat,1579355701
d92z3s3fyx,alipay,1579350602
vbhxtbypko,wechat,1579354370
1zog6tib7k,alipay,1579348659
ogz920lkzm,alipay,1579354382
aqgnludqo6,alipay,1579348578
pr52zs9246,alipay,1579349112
k4lc0q5umc,wechat,1579350462
5puvaqxyzs,wechat,1579349974
j1q1vyc7v2,alipay,1579353418
48p2xez67y,alipay,1579354485
ait0u3x24x,alipay,1579347395
c3frbbwk0c,wechat,1579348322
cu84vkgimq,alipay,1579347472
dwre6lok0c,wechat,1579353188
ilbpxrdl3r,wechat,1579355054
upuatmey57,wechat,1579348925
bfjr87xlto,alipay,1579351022
g2y89wf51j,wechat,1579355331
3ghgtukvpu,wechat,1579351718
wibr3ugu8t,wechat,1579356357
je3ur2uc7g,alipay,1579349862
ndu0d8bel6,alipay,1579346982
h5d81a7jvk,alipay,1579348964
ml6an8kvs0,wechat,1579350959
4u21xm5y5y,wechat,1579351616
ce0ls1vvr9,wechat,1579355821
hvcqyse2hj,alipay,1579349166
lb04zfghpk,wechat,1579350090
6wdjrwc1sx,wechat,1579352704
2k8xxrjfm7,alipay,1579356439
0fxdixq8d7,wechat,1579353034
elh92l92sp,wechat,1579353733
q14x2ho7g4,alipay,1579350371
zy2it1xmwy,wechat,1579350321
dlhk240xdy,alipay,1579352860
54oavsyln4,wechat,1579350738
3q22j2uqrd,alipay,1579346697
pwoc8n5pje,wechat,1579348051
kutjso0nip,wechat,1579349643
brrimogbs7,wechat,1579354498
oxomv8d8lo,alipay,1579353997
omi9hhyo47,alipay,1579353775
f31gf4l75m,alipay,1579354747
9lpwig4uup,wechat,1579349341
6ztuu9e6hg,wechat,1579353527
jbvrk9f7d3,alipay,1579354471
snlxrhd0v2,wechat,1579349258
wutumlo0yi,wechat,1579351426
yivevcv9ck,alipay,1579351914
zn9hqky4wy,wechat,1579349053
5atu2qchqc,alipay,1579346711
z731d8js0v,alipay,1579350447
hma2tumic8,alipay,1579352214
drdzpq46v1,wechat,1579354852
x4xezxe78c,wechat,1579347338
sduu2x4jgd,wechat,1579350906
jkyeg9a9tg,wechat,1579349026
0m4u3k4vnn,wechat,1579351525
qgju534esz,wechat,1579354521
66gbd4fkqe,alipay,1579354278
vljfxj9v9e,alipay,1579349563
yxjyt9k6zp,wechat,1579354907
2o3qiwkjna,wechat,1579346590
jk1kpan9hl,alipay,1579355825
2nlwa1glm8,wechat,1579355099
7hw9qger89,alipay,1579355868
pei6zbj4j3,alipay,1579349648
gfsmvh1kp9,alipay,1579352371
zg6huf12qa,wechat,1579349715
apelewyh6t,alipay,1579351702
eb4cegilz0,alipay,1579349580
3fn7x9f5kv,wechat,1579349817
x9b5a5eqiz,alipay,1579355735
v9gb9xfm7x,wechat,1579350089
ocaubevscp,wechat,1579353913
disl91hs1o,alipay,1579351689
kxntpk86tq,wechat,1579347798
f9w4l8m3d2,wechat,1579348171
3sfwj3xdq6,wechat,1579346687
dkdlwgsozy,wechat,1579352498
zi704adf4m,wechat,1579349950
wumec8ee4q,alipay,1579351781
2hqpbk4xdg,alipay,1579352004
6p10xkcxzk,wechat,1579352221
pzbxzdfb5r,wechat,1579352687
t3rjddgpaq,alipay,1579352362
t6gyx7qp56,alipay,1579354419
qf8anoab2i,wechat,1579350667
udr5me29lc,alipay,1579349358
b7dd1zafd0,wechat,1579351611
y54eyulo5x,alipay,1579346836
4rlo2680u5,wechat,1579353045
k8s3ozj23e,alipay,1579353849
i6f31w0yi3,wechat,1579356405
b72myjnmi7,alipay,1579349072
bp408y8npi,alipay,1579350492
t6kbaif1bs,wechat,1579353946
k1hwajbk0q,wechat,1579349019
3jplamnptv,wechat,1579352760
10krso5ske,alipay,1579351880
c1hywcx2vq,wechat,1579347311
9fhgqhkld2,alipay,1579350209
j0pwn8p1lm,wechat,1579350745
oblnvgc4wd,wechat,1579355669
i3w2b269xe,alipay,1579349466
88t4vovad3,wechat,1579355160
2az8gsuqis,alipay,1579351637
30eyr4scac,alipay,1579353106
1t8111amty,wechat,1579355714
4rx4f3jt9a,wechat,1579354885
p4ucsigpnd,alipay,1579352705
l3aqmgvo8g,alipay,1579346558
w92wlkdgbs,alipay,1579351409
w5vsizlihd,alipay,1579348062
4rfs5a7sbs,alipay,1579346744
v1fj01v3qf,alipay,1579349263
j5cejkezzd,wechat,1579347473
dnpzb9wxnv,alipay,1579350897
thuwu4xpm3,wechat,1579351107
6sfiwtryo3,alipay,1579355295
1659jtw5uy,alipay,1579350601
haijstzpfz,wechat,1579355015
6xm5dwg51n,alipay,1579349550
rv6r0u1yt5,wechat,1579351027
0wvv25d8ln,wechat,1579350041
hubzvoz5qp,wechat,1579355937
v5m60mdjpd,alipay,1579350059
wwkyp288ap,alipay,1579351881
uqcx2wcoqr,alipay,1579355385
fv89d0au0p,alipay,1579347184
5njqky1nvj,wechat,1579354328
g8q19ynka3,wechat,1579350663
vopj6koloe,wechat,1579352271
eglp1br7rm,wechat,1579347528
kh55h062a6,wechat,1579347043
howlcjtz1w,wechat,1579356251
fmsfrrfry9,wechat,1579355413
5bewqmf48m,alipay,1579351455
uqtlm58tzq,alipay,1579355635
y55sevmxe4,wechat,1579353954
fr1alplncx,alipay,1579350882
n6fjipd4l5,wechat,1579355354
unhvx4a8lo,alipay,1579353687
pkbfajj4qn,alipay,1579351309
g25sn7x40u,alipay,1579352035
kqfajfiijv,wechat,1579354496
uqdraffj03,wechat,1579353626
16o3tku3cz,alipay,1579355609
v2mumdaavz,alipay,1579356026
ll8q312m8h,alipay,1579348315
1gt3cpiwrv,alipay,1579346892
dq9zdlue3v,wechat,1579351957
25e47yye82,wechat,1579350293
48gjc4f6t0,alipay,1579354056
ynseufgbx8,alipay,1579352233
n809oi4khh,wechat,1579353138
wjlblcgm5n,alipay,1579350954
5k56cvzrn4,wechat,1579351309
hxdgbiaujg,alipay,1579355300
8317w5mcdi,alipay,1579355081
hadewxcqbl,alipay,1579347513
nd5zcnpxgl,wechat,1579352483
pb0lywmi3q,wechat,1579355190
prvpgkodhy,wechat,1579354220
rjh7n7dywa,alipay,1579350791
1fib9v0y3h,wechat,1579346745
fc9filatw4,wechat,1579356126
63d2ins0iv,alipay,1579355529
matem8o6se,alipay,1579353506
ek04t8556i,alipay,1579347476
94logd48tu,wechat,1579354909
2b72hzaolp,alipay,1579352530
q35qqfqndf,alipay,1579355402
nrk38g094g,alipay,1579355774
luknlqdzqy,wechat,1579347333
ig6z8pd73b,alipay,1579353055
6fe29p93qy,wechat,1579347356
rsecni3ud1,alipay,1579355052
iolbt8wgdi,wechat,1579349209
6mp0bh7svy,wechat,1579347056
6d94a3mui9,wechat,1579351365
7scsit2tum,alipay,1579354254
b69izyv6uz,wechat,1579350165
a0rxiv1fyr,alipay,1579355249
nuyqykzs4k,wechat,1579355829
jazz0pxse3,wechat,1579349751
mdhzltkiub,wechat,1579350898
nmdp00gvwp,alipay,1579349886
4xhdv04bla,wechat,1579348052
5i0b6o2msi,wechat,1579348436
mpn6g5slpe,wechat,1579347023
57jbh25yqm,wechat,1579351436
w0w0wvnzxx,wechat,1579348365
knla8cuutg,alipay,1579347064
tzjgn6hyca,alipay,1579355203
7ltyv8alrd,alipay,1579347474
qa1dfjip1u,alipay,1579352796
a15v0e8xpf,alipay,1579355383
2lv1cuuf5v,wechat,1579349704
ibxs5bc4i4,wechat,1579352554
m0lt5749i1,wechat,1579353685
3k0sevjfck,wechat,1579353082
5jvm6awicq,wechat,1579350057
86pz25imdf,wechat,1579350378
xqmqv58sqv,alipay,1579350178
lkc62hv8m5,wechat,1579353110
sla94a8g71,wechat,1579352979
kts4svu558,alipay,1579352010
u3y4lk9cwj,wechat,1579352993
orkgq4ttoq,wechat,1579356383
eu9afau0io,alipay,1579354227
i778nny3kd,alipay,1579356479
yby17820wj,alipay,1579350396
jut6dr0txj,alipay,1579355451
owb2guaj9j,wechat,1579348533
ls9w2oyo7a,alipay,1579352507
fvrobp8dde,wechat,1579354778
bfdnkws1t3,wechat,1579347129
4astuck167,wechat,1579348307
x4czxie74n,wechat,1579352683
moqj9vaisx,wechat,1579351756
w91rvvmciz,wechat,1579346657
s7gdgjk418,wechat,1579354251
9bigoktkin,wechat,1579353861
rnbql2rbu7,alipay,1579356225
u1c6242eqj,wechat,1579348410
hejauj8tiz,wechat,1579353557
2su3uzjl57,wechat,1579350079
zngvwl8tvi,wechat,1579352248
0etf3z548l,alipay,1579350715
xq5lwj0vha,alipay,1579353858
1dszio7kup,wechat,1579346776
704l4ewums,wechat,1579356223
n74pdquoty,alipay,1579354797
dcne0sk9md,alipay,1579353586
o5g07dsi8d,alipay,1579347601
pl32vhz0ck,wechat,1579355230
0th08t8v5s,wechat,1579350401
w2jfwiytf8,wechat,1579351908
5tj2bmt4x3,wechat,1579347612
j6lfhqzafn,wechat,1579354970
cpyb80kp2s,wechat,1579353131
qt9y6f3419,alipay,1579353900
bb84odyg6e,alipay,1579349139
ne7cy37tnn,alipay,1579354216
2ttpip6dvz,wechat,1579351045
yet0j2bjoc,alipay,1579349127
7hxilo568u,wechat,1579349117
qqgvnakfy3,alipay,1579355189
62nje3fme7,alipay,1579350535
2us2pgbq11,wechat,1579354291
qidljusprx,alipay,1579349152
2s14pe93j9,alipay,1579351764
7ax69cqp92,alipay,1579354044
zi04u4vb0o,alipay,1579353107
j8i9u0mhg6,alipay,1579352145
v14zkrvthb,wechat,1579349938
3antfhc7m2,wechat,1579354654
xuicupmo1a,alipay,1579349083
tmziqdg8h6,wechat,1579351734
pejmyi1wf8,wechat,1579347458
2h5dm883wg,wechat,1579355081
hb157vjg7s,wechat,1579349351
j2nxfaceah,wechat,1579353348
j8t592czmj,alipay,1579352027
g505oi05m4,alipay,1579351121
8y57w7vt0h,alipay,1579350228
8srqbw4rn6,wechat,1579348178
705bld461s,wechat,1579350008
ws4czlbraq,wechat,1579352083
6b288ghbsu,wechat,1579347667
low17qvc1j,alipay,1579353836
rkw45zl6bn,alipay,1579350032
a2b95u4apu,alipay,1579353250
8kxujqvest,wechat,1579348253
5b3st8jhux,alipay,1579348000
7h8iiafi67,wechat,1579348432
0tax274im5,wechat,1579347902
80er4qn4p6,wechat,1579348922
oombol1yfr,wechat,1579353831
wm4ppd6p3x,alipay,1579355911
p598a97a61,alipay,1579348954
abjumg2ndk,wechat,1579356058
s2r4csi6l4,wechat,1579348450
101ibrdbdw,alipay,1579347356
03soo3zi2w,alipay,1579352723
ncb9ywcb2l,alipay,1579347137
dw74xvy5wr,wechat,1579348277
7uxpz2su7g,alipay,1579349226
drmxsqz23l,alipay,1579349893
m6e2trqd8t,alipay,1579350572
6y4bzo74wa,alipay,1579347493
by5lca24q3,alipay,1579351406
ezet4waet7,wechat,1579351195
mw9d3fosic,alipay,1579351942
o78fbi8jz7,alipay,1579348447
2cmrjc57q1,wechat,1579352963
iugolifal6,wechat,1579347846
bvwi68u6mq,alipay,1579347247
4wc95d0aox,alipay,1579355271
9d5ceoalrq,wechat,1579353705
c2s73574f4,wechat,1579349296
0zs4ti8484,alipay,1579356375
xsgo79x6xq,wechat,1579354509
p8rkjo8l7i,alipay,1579355955
e92ednaxy9,wechat,1579353307
oj03qxi7cb,wechat,1579352419
k1rj88p3yn,wechat,1579349038
zezrkn2eu7,alipay,1579353470
zlknqets5n,alipay,1579355917
blor3mm3ud,alipay,1579355040
9v54xva1py,wechat,1579354079
x1bssdiym6,alipay,1579346900
b6079vy77b,wechat,1579351314
9tlviq5ord,alipay,1579348509
b5bn9uog27,alipay,1579346576
33sesi2vyz,wechat,1579347714
7war1z23b2,wechat,1579354177
23lp2zlpf8,wechat,1579347614
yzx7dekszj,alipay,1579351748
4bhd4omern,alipay,1579354996
jqrbaivzh4,alipay,1579349500
e3cd0xieln,wechat,1579347083
u5knqzdy7x,wechat,1579353083
kwisxg80m9,wechat,1579352044
pmm1me9tds,wechat,1579347463
4u1nhvcmvt,wechat,1579352699
hnq6p2bksx,wechat,1579354585
n65h6f6ri1,alipay,1579352159
8tb9og11eo,alipay,1579353369
qtdiz3ja6j,alipay,1579354757
f52ds6v4rg,wechat,1579346541
54ar0u43bz,alipay,1579355566
jyq3phvn0b,wechat,1579355197
2xg02zrro8,alipay,1579347038
8vf59rlc75,wechat,1579348616
hffq17yz0o,wechat,1579351857
gq3cusuzsi,alipay,1579353806
a0llii0il3,alipay,1579346961
zur7dxwkan,alipay,1579346555
q1dhi6nhji,wechat,1579354888
jw9bpecupr,alipay,1579353331
ztfhr9r6lm,wechat,1579355072
ywuki35zv0,wechat,1579351281
95ipetkp6f,wechat,1579349536
jzore8aoe0,alipay,1579351806
lbv5lh8gzk,wechat,1579354547
a8pnjt0pq6,wechat,1579351680
0pabnh7czq,wechat,1579352227
z1y9tcz0jz,wechat,1579354563
q28mu9t3dg,alipay,1579353854
zwkcn092j1,wechat,1579354867
s9fl4ygvyq,wechat,1579349656
zxcncxl6ff,alipay,1579355432
bdifd9nzkz,alipay,1579348256
nn069oce1q,alipay,1579350211
5lkl9u4jwh,wechat,1579352614
izitmqfwar,wechat,1579353289
ng6enmzyyq,alipay,1579348311
0slmtnpdvw,wechat,1579355918
884roxhd4t,alipay,1579354321
1kzenyx5yw,wechat,1579353999
03w7el1my2,wechat,1579356029
lgaize48l5,wechat,1579349457
n721d57ls6,wechat,1579355205
piyokbxd8q,alipay,1579350272
5oj9wv6cma,alipay,1579351862
nvkgb1ywuw,alipay,1579355618
4xf8lx4zvu,alipay,1579348513
vjbjwcqvdh,alipay,1579354491
0aikoyamxs,alipay,1579348176
z423lujdsa,alipay,1579348492
gwb7sb9tdu,wechat,1579353691
483fsarbbu,alipay,1579352042
qfib7jssgh,alipay,1579347383
y9yh967m1f,wechat,1579356159
lhdy52l0kj,alipay,1579346931
u5bn2uio47,wechat,1579355190
6oewrjvpav,wechat,1579355391
zni255udmf,wechat,1579349380
4b99dpp25e,alipay,1579350809
lhk093143n,wechat,1579350026
zmun4mky1k,wechat,1579353529
eck1xpq8dv,wechat,1579348075
nhhx5n1fq3,wechat,1579347426
sgatsl276m,alipay,1579351548
apj4t7nzme,wechat,1579354626
fcr9n0usfo,wechat,1579351878
xx4xipq01f,alipay,1579351959
lw2j9wqe7j,alipay,1579354395
oa6g1q29te,wechat,1579351399
gxmrhs5llo,alipay,1579353561
m3ixeotrt4,alipay,1579356045
seoqfhpjqe,wechat,1579349277
qtha2mce4j,wechat,1579347809
zmz1lf59v9,wechat,1579346613
s2me8gvb5j,wechat,1579352913
q65ea0wi9o,alipay,1579347650
02hihwjy2l,wechat,1579346562
2cnd6073pf,alipay,1579350763
2iym0vf8dv,wechat,1579348666
gsybrvibxx,wechat,1579349662
btskhmshnc,wechat,1579348413
gx9xnty6vl,alipay,1579351740
wcsrt1my54,alipay,1579346638
vf4zldilrn,alipay,1579352921
11owibq4js,wechat,1579351429
hl2wynz5bz,alipay,1579354050
bh3u9zvo3a,alipay,1579354243
07sjc3liuz,alipay,1579352111
ni0o8l9rx1,alipay,1579350890
4a495vepuu,alipay,1579348073
bvagodndnu,wechat,1579354210
26j6iq75t7,wechat,1579352006
l0fz6qtd22,wechat,1579352978
vq4mrqceb9,wechat,1579355255
qdfyn0chuf,wechat,1579354651
h4u2iph76b,alipay,1579348921
utjrg9tpz7,alipay,1579347936
j8iny9nch5,wechat,1579347694
wwj9yf0us4,wechat,1579354837
9uea30xh60,alipay,1579348127
xukw8qwxps,alipay,1579350831
uh6lvr6pzj,wechat,1579350901
4g83xf9f88,wechat,1579356132
f1pztszck4,alipay,1579347281
4fvcuaeldw,wechat,1579350625
qwk88xc16c,alipay,1579351037
gzeu7f07rv,wechat,1579349976
zx7eomenq1,wechat,1579348413
tvkgjrx500,alipay,1579350679
4u6un61teb,wechat,1579350398
c3996i5oz2,alipay,1579347340
1vih9zt46u,alipay,1579353490
9uqmvgnn13,alipay,1579356385
nwa1p0cdv9,wechat,1579347453
u1cnxrgyn0,wechat,1579346562
xsthnfl6mh,wechat,1579351119
50agofdq2o,wechat,1579348067
bmavhik43q,alipay,1579350218
dema5o50sa,wechat,1579348990
7oyqqijhzo,alipay,1579354411
41o5almhfh,wechat,1579349831
s2p14yt3lv,wechat,1579354246
s5uqhaj39o,wechat,1579354327
avv73466mt,wechat,1579352558
rv2wkxvr3x,alipay,1579347521
b1zxrifiee,wechat,1579349045
4uz2fpy6un,alipay,1579350111
4zcs9g1bq8,alipay,1579351148
ygc70xbax3,wechat,1579351444
9t68gr48qp,alipay,1579349186
rnvk8ac2no,alipay,1579352230
jxtgfqcxox,wechat,1579348770
2hrvqe4aee,alipay,1579352032
fabp8kpi3f,alipay,1579348908
hpz571bgxp,alipay,1579355895
e8mohrqnpm,alipay,1579349946
8st8ol6a6h,alipay,1579349104
gu74nmwta2,alipay,1579351505
kz5lzv52s3,alipay,1579348981
h9ppybeyef,wechat,1579346914
8jgnu183br,alipay,1579347889
ythactkpd8,alipay,1579347281
bo6blbz06l,alipay,1579352151
bdmv8qo0tq,wechat,1579355327
iyjfz6dn30,wechat,1579347479
ewn45sfhnn,alipay,1579356363
n6748ei5b7,wechat,1579352675
ab3ee5j3qd,alipay,1579351384
96k25f8h46,wechat,1579349869
dic6sshswf,alipay,1579355166
x5gq9g3ktc,wechat,1579351362
nyz2l1xzxt,alipay,1579350443
yqh9h2uyup,wechat,1579350259
pkttda08cq,alipay,1579347791
4qnviwwyin,wechat,1579354517
1u62lygj7q,wechat,1579349657
08v1fbc1ny,alipay,1579351769
utff56807s,alipay,1579356152
e08trk2njt,alipay,1579355338
9uqpf70j8r,wechat,1579349661
7ebmfi5z7j,wechat,1579350244
fqirvvnbtp,wechat,1579355115
czl4zqaupq,alipay,1579351660
5l74ksimao,alipay,1579352863
culnikscl5,alipay,1579347298
0mgwbgiiz0,wechat,1579351448
64hzje3veh,alipay,1579349477
xh9q612ayg,alipay,1579348368
ho5yp5y4ko,wechat,1579352283
r01fq1mqyl,alipay,1579347853
pqlgxzf3ae,wechat,1579354135
is926gmcn8,wechat,1579356081
qjba51xy92,wechat,1579356318
ylsbrombhh,wechat,1579355894
hz76juwjxp,alipay,1579353624
w9nx69ulkk,wechat,1579355017
dnv0fsp555,alipay,1579354070
fxbmqch6a1,wechat,1579354087
brpbrx43si,alipay,1579350886
niahy0mkzm,alipay,1579353371
ylcduxhbbd,wechat,1579351434
okfzx9x304,alipay,1579349952
8xn9hh9k6s,wechat,1579354532
oh2t0y3t7s,wechat,1579350380
ggeqwxe6oc,alipay,1579349781
ciq1rk0zdn,wechat,1579347317
0igqrb3b2y,alipay,1579349912
7xx98o69jb,alipay,1579352516
znfapqfyrq,wechat,1579349939
aqnpetpwkk,alipay,1579352663
lv9ae91i56,alipay,1579354925
8yt5g7s8ag,alipay,1579349045
0hxb81ma15,alipay,1579351571
f5diadqbxl,wechat,1579346787
7vb219818z,wechat,1579347501
xfftwtnmz7,alipay,1579354505
injwd4o5qh,wechat,1579356110
c7llwht086,wechat,1579350596
ft47pdjkrv,alipay,1579354161
wb7a9enidt,wechat,1579348126
5jcylfkj31,alipay,1579353921
vxpiu4jrky,alipay,1579356290
3o0wx61dy8,alipay,1579351570
3xieulmg8h,alipay,1579352739
wfupexvweb,alipay,1579348852
5pg8o0lh4h,wechat,1579347758
hmuqw473fm,alipay,1579355500
1vljkapkul,wechat,1579348212
pcqnex2p83,wechat,1579355834
8yue9uja0y,alipay,1579356446
d3fs4oh9je,wechat,1579354111
dr5qqws8pd,wechat,1579346956
yl5psdjsfn,alipay,1579349700
v47cji85y6,wechat,1579351496
n00pmxydcb,alipay,1579354971
m9myo3zzhz,alipay,1579351530
xmzgfvx1hs,wechat,1579355885
pvq1z3le8i,alipay,1579355461
cbz4p3gd91,alipay,1579347728
ou24g0qbk5,alipay,1579346895
owuf1v8x95,alipay,1579356166
wvaimbw2jf,wechat,1579349358
4fpy9vc55p,wechat,1579346840
0upbvwjm83,wechat,1579352347
7c2z6s2uz2,wechat,1579355120
z0wrty2mtg,wechat,1579353364
wq6kpkriz0,alipay,1579351289
f9ffbr6htj,alipay,1579350676
x9eqh0j81f,wechat,1579355442
c6hicf0rtb,wechat,1579351947
zxedvoz052,wechat,1579350682
fsk5sovamr,wechat,1579354586
ymklg159vc,alipay,1579352811
i7nrj1of7z,wechat,1579354709
sts6aqquqe,alipay,1579349665
5qt3tc820y,wechat,1579352912
anpvxub7qq,alipay,1579353452
5rg9k7x4h6,wechat,1579346742
5td4psch53,alipay,1579355051
pv2qsips36,alipay,1579351681
xz50w544pj,alipay,1579350059
gzvn6bso47,wechat,1579354771
ksvcpplozq,alipay,1579352585
fygllbow18,alipay,1579347547
ddcxmcr094,alipay,1579354258
kxr2v86noo,alipay,1579347897
lpnzyqwmxf,wechat,1579352757
c25mvzacdk,alipay,1579353648
2hv0184hdv,alipay,1579356248
3x0ek25qia,wechat,1579354202
e31yyhzyg1,alipay,1579347579
rmh9hw7lul,alipay,1579350417
hp0d1r0rp3,alipay,1579354814
fbgr147dcj,alipay,1579347022
e2ducl72ms,alipay,1579352738
kcslratazf,alipay,1579356388
mlwjxbjxte,alipay,1579353352
p7cah0wgy2,wechat,1579347176
8hlixjxsnn,alipay,1579352036
nox6s57h6j,wechat,1579346543
sb271agdm3,alipay,1579350078
dp9nx3jbed,alipay,1579349931
ntamal7eca,wechat,1579353540
qyogjpkpdl,alipay,1579348219
4swh73htxh,wechat,1579353095
trexoa0ug4,alipay,1579348003
qvwb8fzezu,alipay,1579349349
4y0icvoja2,alipay,1579347147
bzvulxf25n,wechat,1579353464
sfc7mkmcun,alipay,1579354374
rf0x4hctgf,wechat,1579353393
gposwigo3o,alipay,1579348627
lqkkt58wsd,alipay,1579351960
ce44sgubgy,alipay,1579351222
4rzqyrfqpc,alipay,1579354176
xxu673phgq,alipay,1579351398
527xwvealf,alipay,1579347662
gi5fieok98,alipay,1579353745
v9jonau5c9,wechat,1579351890
j15whitm78,wechat,1579354247
cbv9r68z66,alipay,1579349053
s35b9i6zyr,alipay,1579350173
vpran0ivx2,wechat,1579351791
o3q5gk9qjj,wechat,1579347876
1k4mf0lbw6,wechat,1579350791
4ju7jvrdjg,wechat,1579351760
np9rrwtcl3,alipay,1579348274
dcq3mh5jxp,alipay,1579347079
loexciwend,alipay,1579351811
926qm7hjdn,wechat,1579349039
i72uyxbdmd,alipay,1579346545
ctc00mwdxp,alipay,1579350773
pryob0cklb,alipay,1579352922
5vway1v6fr,wechat,1579353125
mc57up9ms0,alipay,1579351315
30ulzkc09e,wechat,1579349911
7gxf9vobik,wechat,1579354572
v81ppijj7l,wechat,1579353373
gkf2ga943w,alipay,1579354421
1530qyzgg1,alipay,1579355818
74mazg46vj,alipay,1579347935
410jeid2ae,alipay,1579355161
gniwaxf3f4,alipay,1579355797
hin7hwitgx,wechat,1579353993
ox22f9fcux,alipay,1579354988
1mm4m62h3s,alipay,1579354096
5bdq70q08y,wechat,1579354698
tm928fpp7n,alipay,1579350921
vl6njzxa2y,wechat,1579355744
fujgc3a1t6,alipay,1579355428
vrvk3fl42l,wechat,1579350606
lxu8e7z4b3,alipay,1579353915
16fqsj5fjp,alipay,1579353297
c24sbyf58l,wechat,1579349971
voukfsp0b4,alipay,1579355712
kskw641gis,alipay,1579346553
5w2ztg7r0m,alipay,1579349859
3vuc19g7pw,wechat,1579350305
19rsp23t50,wechat,1579353414
jqbkzxa2rt,wechat,1579354727
60o2b9btpt,alipay,1579349435
uonhs3aj3h,wechat,1579353559
smyhann31q,wechat,1579349718
qkfndpv9xm,alipay,1579350851
7yiy8hzh96,wechat,1579355311
ie17rvwn8o,wechat,1579349561
z8sh79zt5w,wechat,1579346974
6ejho2qo61,alipay,1579356277
ac0tmvj2gk,wechat,1579353016
8fawbsw9a1,alipay,1579355643
cs5q8rozi9,wechat,1579351857
l43jzmar7v,wechat,1579354440
d4gdqxgsjq,alipay,1579351921
0lqun47p1h,wechat,1579351894
a14ecw1tql,alipay,1579352004
s69y72tg59,wechat,1579349783
7mss33tsc0,alipay,1579351146
dqfiajodv5,alipay,1579353140
xscpsnisj9,alipay,1579348222
01d7em4h40,alipay,1579349997
bwtech5lfx,alipay,1579347925
tlv65hd6f8,alipay,1579356454
o96clde02g,alipay,1579351684
9mim1xd9ex,alipay,1579351622
kkdz6getlx,alipay,1579349106
8krbi8th2b,wechat,1579355477
l5t7d2fuiz,wechat,1579348025
is6uzu774g,wechat,1579351530
55pkqzp685,alipay,1579348948
j1jwnbekgv,wechat,1579355335
qfk94evjm4,wechat,1579352751
gkh68hovec,alipay,1579349354
32c529iy18,alipay,1579348869
8eiab1n0uh,alipay,1579354453
1xle8bhs3f,alipay,1579354872
lp1tsj8u8n,wechat,1579348384
9aoas3cyag,alipay,1579347329
dckym8ctfy,wechat,1579352046
gxdy5lyen6,alipay,1579348189
5hgyk4zdp8,wechat,1579354971
srynkkbfnh,alipay,1579350484
qe2fw8cg0m,alipay,1579352574
tx1a69ziud,alipay,1579352126
4qn69zakpw,wechat,1579348985
z0dfpvrjgf,alipay,1579346804
bphgiumu3f,wechat,1579350964
s03f73gfrt,wechat,1579346534
q1iy549ggj,alipay,1579350365
3qo5d982gy,alipay,1579351299
3h8r20hnm4,alipay,1579354866
rcw6p2zjrx,alipay,1579347387
vghwwk81zq,wechat,1579349292
qfnb3av99m,alipay,1579347529
3zx69kturm,wechat,1579352756
93bqp1f4m0,alipay,1579352766
rpe47js8qg,alipay,1579350034
7s1k6p2jro,alipay,1579348048
5o1x9oadvx,wechat,1579349158
ssm00m0aef,alipay,1579351063
xrqihpldrf,wechat,1579350995
ejbfz78w41,alipay,1579356467
xub5wxhg3r,alipay,1579350781
34yuik7vp0,alipay,1579355811
o4h08u55cu,alipay,1579356008
8idkqp5and,alipay,1579346778
8n6c0x2539,wechat,1579349855
1kv3yh8jax,wechat,1579354049
ug6x2aj9d8,wechat,1579354423
htoiyaxfwc,wechat,1579348117
5wkct59ruh,alipay,1579353468
i6wohpz6ir,wechat,1579347647
bpzaoh2243,wechat,1579350001
hwyxztdp9p,wechat,1579355632
0p04b2dah2,alipay,1579350173
9vt1nqgsnr,alipay,1579349501
qyd09yum9k,wechat,1579351191
ofrz0a3moy,wechat,1579350600
vgpc6ga2cf,wechat,1579347672
vnnkf6tf5e,wechat,1579349002
6q79zwl4kx,wechat,1579347791
cndyeqkuc3,alipay,1579355488
ev5eulwlbc,wechat,1579347859
jreyknsdyf,wechat,1579353716
k28pwiuy3m,alipay,1579351566
cdlop9vvj5,wechat,1579352093
exnmn3q23d,alipay,1579348006
xdsxf0jh1r,alipay,1579346671
0yy64udy5h,wechat,1579350840
tfzxjhaq66,alipay,1579353454
4ckef1xoed,alipay,1579349399
zvgb69aaef,wechat,1579351128
ypg6tctfiq,alipay,1579351573
w5w5qkospn,alipay,1579352630
m6yygxob2a,wechat,1579347154
1s039rin99,wechat,1579347385
oe6evttt51,wechat,1579350083
4ps7vpfhdf,alipay,1579354165
2mv3yjyvpy,wechat,1579347642
i5vdwuzw3i,alipay,1579348341
zur1ucbzl8,alipay,1579354776
7li57xfi9w,alipay,1579356198
f6ofy6hm7l,wechat,1579352122
75n4uzsv0l,wechat,1579353373
onrogcor57,wechat,1579347052
ezcsoat3c4,wechat,1579354034
4fgf9ew0x4,wechat,1579348016
peuwsf34b7,wechat,1579352381
ybn2zn8nlf,wechat,1579353886
fp6tjw72z0,alipay,1579348286
a1ilmoq8tn,alipay,1579351557
6kq356d4mr,wechat,1579354438
9ty8cvtmxq,alipay,1579347117
o0cezi213j,alipay,1579353251
7v81astukm,alipay,1579348106
cagtx46ffe,alipay,1579347939
y8ulsbeo5w,alipay,1579346996
8s13e17ab5,wechat,1579353693
jhz4ir5ay9,wechat,1579348939
in2ggcwpt4,alipay,1579351677
0ko9m2p6xy,alipay,1579350018
7qr0ljplm5,alipay,1579350691
lnyj0bhu2r,alipay,1579355769
1ielixq0fs,alipay,1579348764
khkg9mhzsg,alipay,1579353594
cygljrkz2d,alipay,1579349725
7bi5qy2c8m,alipay,1579346816
asll602g00,wechat,1579347791
5jsobn76yo,wechat,1579352593
ukiz422i6l,alipay,1579346652
fagt8ed0vc,alipay,1579350706
n4wnyig27q,wechat,1579348160
nuf0if19di,wechat,1579355287
3hzm3vu8sp,wechat,1579349746
00jyoboawg,alipay,1579346983
4p0ekejc58,alipay,1579349000
pjkeu16usn,wechat,1579348754
nnsd2lqzfh,wechat,1579348457
9g292ps5bx,alipay,1579354525
ho7vztgu3f,wechat,1579353567
827zyh89uj,alipay,1579356260
tmok69afoy,wechat,1579352069
e7ldgx9gx6,alipay,1579351660
y7lfowhe81,alipay,1579353561
b07mj4jjeu,wechat,1579351675
3tscoizco8,wechat,1579353897
vpg9bkcn3g,alipay,1579354263
rhohpwi6ll,alipay,1579350259
41xj4trvry,wechat,1579348452
2efk00o8h3,wechat,1579349211
wykht93x17,wechat,1579350627
2pcorzkev7,wechat,1579351885
58gm6w0klk,alipay,1579353210
pq7qoigmch,alipay,1579347533
lhauqgr7ad,wechat,1579354396
h6juao278n,alipay,1579349135
6tn4ki61su,alipay,1579356467
0xhqcugkh6,alipay,1579352486
mlbsqb0wgt,wechat,1579349350
kf026v3pzr,wechat,1579353255
nex4liqpja,wechat,1579355545
t977kt9rny,wechat,1579354845
5cesqs84kk,alipay,1579352326
v0krhdwhlb,alipay,1579353613
ebqbyjimqz,alipay,1579347209
gg24h3mf4o,alipay,1579346962
vpzotkw8sv,wechat,1579353075
x5q2x40f5z,alipay,1579354146
34nb4hh1qe,alipay,1579350061
p4uoo208ct,alipay,1579349234
28y7te0ek0,wechat,1579352335
vuxm1880om,alipay,1579350629
8rkejzoe6z,alipay,1579349238
xqkd61ouc4,wechat,1579351761
5v74z8h8gu,wechat,1579351905
8gdoxslfbs,alipay,1579353150
31yzcjhows,alipay,1579348443
gggr4vajgp,wechat,1579346879
gnmnl9qbpf,alipay,1579353028
kv92ntf40o,wechat,1579350732
z5ctcuuinx,wechat,1579346863
xk9bdcpvhr,alipay,1579350715
df2cq34ihc,alipay,1579351846
n8o2jg0f3e,wechat,1579347496
x89llzkgbu,wechat,1579350998
avikox5j5x,alipay,1579354438
kzrzrdciqw,alipay,1579353242
1is93lblj1,alipay,1579352287
yn3j5t96d4,alipay,1579353951
ct9s5x6o2h,wechat,1579348370
7mwuhnycxh,alipay,1579346836
45xsximoxo,alipay,1579356179
l5uhkictbo,alipay,1579347210
x86gik7xwj,alipay,1579354609
56xac6urs1,wechat,1579351438
xz4nr2yp3r,alipay,1579354772
fden5xpsc6,wechat,1579352469
yrkt7favi3,alipay,1579356347
petib84tup,wechat,1579346747
gfuetzbqqq,wechat,1579354685
badan1t5se,wechat,1579353519
r4zoisi3g1,wechat,1579354534
k32xdbco7c,alipay,1579353569
fuyke6nqdf,wechat,1579356182
70tw2sl8mt,alipay,1579350753
9jap5vgg66,wechat,1579355050
r1hqzytqoc,alipay,1579356367
0xat7qv0wk,alipay,1579356318
cw71nnsnb5,alipay,1579353325
c3w5p6z1oh,wechat,1579352063
17ukq3sled,wechat,1579354417
4wozh1qa49,wechat,1579349537
vs66oupclg,alipay,1579356497
4drsq26epx,alipay,1579355724
h04vhqdldd,alipay,1579350354
5b52rz2o2r,wechat,1579355133
od9afr6z0n,alipay,1579354220
dmj1bcxusd,alipay,1579354866
g4bltkpy1y,alipay,1579347420
ky18pwe53g,wechat,1579353482
yhiim2yn6i,alipay,1579349479
rxd5xwqnvt,wechat,1579347874
r8urt63o19,wechat,1579349171
25p8nm8ei6,alipay,1579355466
bmqwpkmcbz,alipay,1579347449
9vf23yehs2,alipay,1579347391
c5r3w6euhk,wechat,1579347965
m546978lc8,wechat,1579351998
w0syb3r5xx,wechat,1579349000
je16pz66bk,alipay,1579347020
oqb8nqa3nu,wechat,1579350993
tb3y293zkf,alipay,1579353066
avz74rti42,wechat,1579354588
9ciubnh8gc,wechat,1579350685
tly0beukfl,wechat,1579355159
91oslkrk6u,alipay,1579348209
r78fnp0roq,alipay,1579351066
sobqg9c4ng,wechat,1579347821
3yqs2o69py,alipay,1579354594
0e5dv0m6oe,alipay,1579352833
w4x5lne5dm,wechat,1579356465
5vvpm7cygl,wechat,1579350055
nbl0pmhsoq,alipay,1579347082
gro178l1wv,wechat,1579347295
49d6di69zl,alipay,1579350279
txjypgtz7l,wechat,1579347538
5ecf06kbfp,alipay,1579348211
e74z4yv3m8,wechat,1579348151
gz5zidllmm,alipay,1579349288
mfeb04zuq0,wechat,1579355592
npyjh0fas1,alipay,1579354510
u6sgteirby,alipay,1579353501
1ibbysplhl,alipay,1579351469
1qlew3nr7x,wechat,1579354851
wpttace4v8,alipay,1579349384
a5anletxxf,wechat,1579346827
yie074b6px,alipay,1579353020
j01jv18bup,wechat,1579350533
n2wml42cn0,wechat,1579348119
mckyc928vf,alipay,1579356253
dvh3xng093,wechat,1579356047
tattllgka7,alipay,1579349034
491a5zdvmn,alipay,1579350765
ncwm76e4kp,alipay,1579348631
lyhlqibx4q,alipay,1579346959
i4mafnhvy2,wechat,1579352489
b77ot5tias,alipay,1579354163
vvn02vkk5s,wechat,1579350371
jysll3iaes,wechat,1579348081
yw8l7m5mwv,alipay,1579354473
7mzkgan2uf,alipay,1579346921
r3oeev9f5d,alipay,1579349434
c9x6geb9r5,wechat,1579347564
zcw1kpjxh7,alipay,1579352511
z7v8nycf74,wechat,1579353629
anpqo4y1fi,alipay,1579355387
x6xw5mn8j2,alipay,1579355102
r5lvwpx92y,alipay,1579355541
6qehwe9l1c,wechat,1579347092
56lbryuwwj,alipay,1579346955
xwpuer6u90,alipay,1579353498
3qv0a2bppg,wechat,1579347021
7xv3dmk9dw,wechat,1579349873
sc0l6gxmyf,alipay,1579348964
ge1l1iug5b,alipay,1579348640
sfals1bvc8,alipay,1579346822
xyj9tfocsh,alipay,1579348945
zpdw3bq6oq,alipay,1579353103
78dfmp3pou,alipay,1579352895
92yxsufi7x,wechat,1579347583
tenu4r646h,wechat,1579349724
9wgkic1ubu,alipay,1579349414
jg3t4el0tv,wechat,1579349483
13ui3155f6,wechat,1579353689
fom2cp6ufh,alipay,1579348290
f23ci42i1q,alipay,1579347922
huqcruct03,alipay,1579347860
iz1sem2srn,wechat,1579353531
bc30zfjpdk,alipay,1579353071
ef8opia0ds,alipay,1579352321
ke0grgyeg7,alipay,1579352657
o9s9qhlh5l,alipay,1579348228
ah28y1t2fg,alipay,1579349783
hj0i6uccwo,alipay,1579350137
5npdgp44jb,alipay,1579351194
t4ip0y9yf2,wechat,1579352449
l6rp2250jv,alipay,1579355925
ea2paom7fx,wechat,1579356263
af4mvauf9l,alipay,1579347144
kmf82rzn66,alipay,1579355525
jil4pwwmr8,alipay,1579353598
2s4p1mth25,wechat,1579349306
gak7cwqm6f,alipay,1579350342
ajrhv0sdo9,wechat,1579353500
j8ktllffws,alipay,1579351959
uzsktn541d,wechat,1579352637
tjwth7jcbq,wechat,1579355320
r95il8e2hq,wechat,1579355289
1hkmgglhyg,alipay,1579353081
vads5d70bc,alipay,1579354569
7srx5f2e93,alipay,1579353572
d9uvhe7uq1,alipay,1579348609
qolql7096n,wechat,1579347520
91xhapwv4m,wechat,1579354583
sh0pevmuro,alipay,1579347117
h3f113pszc,alipay,1579353841
pi5x2bd36t,alipay,1579348374
gej5ubtzw5,alipay,1579354998
pehbp4agyi,wechat,1579353377
olgyulgia4,alipay,1579356496
q628horqls,alipay,1579355121
8q59pxtsu7,alipay,1579350018
qcc0s6v7rt,alipay,1579353919
i1dv96co51,wechat,1579351444
omizapvkwt,alipay,1579351027
91yzosiw1p,alipay,1579346554
ikiv8okhtn,alipay,1579352106
3cwzha4np1,alipay,1579354563
hymw8oybdn,alipay,1579350413
a3ckfp46jr,alipay,1579353755
6qik3qdv20,alipay,1579347178
0qdm7ghxga,alipay,1579349991
rf1cj1w54r,wechat,1579354572
p2c8jz7ac2,alipay,1579350638
h4eirfxjhh,wechat,1579354823
7ia5tqdcaj,alipay,1579353626
99xcaocv2n,wechat,1579347623
so7whag279,wechat,1579353745
4837bjwaew,alipay,1579346760
tyzg84cxl8,wechat,1579356044
k70iik7hln,wechat,1579356086
w3a5bgm5b7,wechat,1579349250
ltmtpdbtag,alipay,1579354385
hsj2dvou49,wechat,1579350508
448lggs5tz,alipay,1579348480
79x4fdi9x5,alipay,1579356401
687nlccsse,alipay,1579354014
h1t1j26ar9,wechat,1579354218
mxu5kwzk90,alipay,1579353722
nc1m14oays,wechat,1579351747
34g0pmmhhb,wechat,1579353757
2z2aemc8ze,alipay,1579353477
hcz9rnlkrd,wechat,1579349614
e5wa4p6r07,alipay,1579356034
ktde44zslt,wechat,1579354575
5xlq8m0jcx,alipay,1579355927
wq472dfn0w,alipay,1579355223
lgrvziyvup,alipay,1579348203
967mfp5g6f,wechat,1579350546
2t1azjvmx6,alipay,1579355535
828udsc952,alipay,1579353424
i7xfof1kxa,wechat,1579353392
4yex2daqfy,alipay,1579355886
y4gvsnnn0w,wechat,1579348472
ugj0s45kbo,wechat,1579352408
l47b2v2bzi,wechat,1579354368
bawqduvfmh,alipay,1579348764
uxg06uvnv7,alipay,1579350565
nzbnq3b2v7,alipay,1579347435
vzuunarzly,alipay,1579348291
804eddpl5f,wechat,1579354447
i85oj0a38x,wechat,1579349486
s2lyiaaegi,wechat,1579346635
3zct5fdm4p,alipay,1579353233
ej9ng97f01,wechat,1579352818
pkvr6of4x9,alipay,1579347325
dloowchib5,wechat,1579347124
5pyoctb017,wechat,1579351360
cd8ojdfw6f,alipay,1579347799
ppjwbl9r10,wechat,1579351732
lvu00zt16d,wechat,1579350246
oi6vr0hxze,wechat,1579348195
tt0fy08gl6,wechat,1579348728
3g65u7jj59,alipay,1579356288
1c8v8nrhp7,alipay,1579347220
zbs164bnjj,wechat,1579349875
buve6s40vi,wechat,1579356221
3erkmqbx4z,alipay,1579353246
u63d9a2bmb,alipay,1579348978
v4d7w2jo8i,wechat,1579352819
c1a6qmxf3a,alipay,1579347564
nmbb6sw2dj,alipay,1579354347
33q3vumon2,alipay,1579356491
p87y3b6tgg,wechat,1579352707
yeqputox7f,wechat,1579349167
8a9ifpdnec,wechat,1579347835
l81f8gcuqv,wechat,1579350364
6ydhnv7it6,alipay,1579352210
ktda68p5z6,alipay,1579356123
ol92q7u2ww,wechat,1579352362
9tv9uthdmp,alipay,1579350997
t3yokdv5cr,wechat,1579349359
1eld67yars,wechat,1579351419
xkgbw4z4rt,alipay,1579350932
vj9tef1vau,alipay,1579353097
gh0mzeujzi,wechat,1579350981
3ckhrph9z9,wechat,1579349819
a1ucfvs9k3,wechat,1579350558
rwyt1wxb8k,alipay,1579350825
elmkbohpxn,wechat,1579348115
z2zilzkict,alipay,1579353976
zxt0njiyot,wechat,1579355790
vodl90kxd3,alipay,1579352380
kecuti3y6m,alipay,1579352820
ubkmjhkobn,alipay,1579352807
tpfbbqhy22,alipay,1579346780
kkezg2xfmb,wechat,1579355297
ykiqtou7un,alipay,1579348286
kipan3w0x7,wechat,1579354660
9kuruf2pf8,wechat,1579355043
0rdh742yzu,alipay,1579356250
e7ykg4yi8w,wechat,1579346668
1tyr7b23ca,alipay,1579350332
gqr2lht2he,alipay,1579352595
7oipd160zn,wechat,1579351660
p804houzsf,wechat,1579351556
lktt1wxx78,alipay,1579353455
e7uq3vwoje,alipay,1579352605
svtuj7stiu,alipay,1579347878
tke0ik6d5c,alipay,1579354488
7ekfiwztnx,alipay,1579348307
mriihno1d5,alipay,1579352251
atjzic1fc2,wechat,1579352250
wp9u7pzl33,alipay,1579347433
goobouqp86,alipay,1579347573
uqafkllt6r,alipay,1579350927
075e23stc2,wechat,1579348844
yt6gust27o,wechat,1579355642
aljq87v9o0,alipay,1579355109
gf40tiqil0,wechat,1579349477
d0llhjvjn8,alipay,1579355128
p80fjz6ptj,alipay,1579347799
qmwgf44cd4,alipay,1579351238
yp79gok96m,alipay,1579348607
1d6dn074b4,wechat,1579348391
ld8r086axa,alipay,1579352869
a96u0bnqlu,alipay,1579350615
mf8qekjhmo,wechat,1579347150
kfx4u0a9w7,wechat,1579353198
3bqkmvjjc5,wechat,1579355566
vmpzxslvtu,alipay,1579355212
duptmwe7ky,alipay,1579353347
4i0rkklno7,alipay,1579353657
92km7k5rtf,wechat,1579354861
4m8pdirez3,wechat,1579347452
8ujwi26019,alipay,1579354800
y25zyxw34t,wechat,1579346803
f09wrknas9,wechat,1579352426
mitjnez24k,wechat,1579351031
g1r1srd7s4,alipay,1579355267
nwfwrhevkc,wechat,1579355876
jhzzvcfod6,alipay,1579350446
tf08ochrxp,wechat,1579349479
7md4g1qjoo,alipay,1579348969
osmjhq7k9c,wechat,1579354790
vikpt291k2,alipay,1579350707
whl6tbhtmr,alipay,1579354978
yku206djxx,wechat,1579355561
7lcz23seou,wechat,1579347569
0fmix7vxab,wechat,1579349366
ip3er3dtw6,alipay,1579352499
0lok64l2yu,alipay,1579351433
p58zs63yt5,wechat,1579349060
prtqdqy8un,alipay,1579354333
zlelbg21lj,alipay,1579346779
nvl99lb81i,alipay,1579355518
cyyzjvgr6c,alipay,1579355694
5bzw88hbm5,alipay,1579354663
ezctshe6kf,alipay,1579352190
9to9hnt7qa,wechat,1579350257
40t794gb55,wechat,1579347589
ep30u4sj6t,alipay,1579353883
lyvmwmhg5p,wechat,1579348027
k4nt1vdhsg,wechat,1579350886
6zfovv2imt,wechat,1579355790
wo0te5ql0q,alipay,1579351664
iad81zxkvs,wechat,1579354268
ivdiwujfwb,alipay,1579348719
n9jsox5h33,wechat,1579350928
ot2xt5u3rf,alipay,1579350749
fldh0uymeh,alipay,1579355331
51fkkrx4wn,alipay,1579346584
uli7f10ykg,alipay,1579352087
dv72h4mzj4,wechat,1579348562
0tuxfnnq6z,wechat,1579351876
530jqu13xg,alipay,1579347072
zj4rfme0vd,alipay,1579347177
sno8yo54hy,wechat,1579355398
5r1k6f32m3,wechat,1579353192
wl044e8nvj,alipay,1579346777
54yzw7xrkb,alipay,1579348592
okwmp7roy7,wechat,1579353613
6thqmah8lf,alipay,1579355197
yok23rc97c,alipay,1579352169
tqjf1snruk,alipay,1579350442
tw58hfm7h5,alipay,1579354738
85ic2jtjs1,alipay,1579351606
yx2674l183,wechat,1579355293
jti3trj51d,alipay,1579356159
tboqscqyp8,alipay,1579353916
ir86z5g865,alipay,1579348295
xysd6vi12r,alipay,1579349929
kitat54655,wechat,1579347757
u6m1kuit2b,alipay,1579353583
kc6cdx8vn7,wechat,1579353396
ud7rsjb1az,alipay,1579351397
np91w7seqv,wechat,1579350531
x7k1zwgc66,alipay,1579350810
7wrpq6l9sr,alipay,1579348183
0a2yk194x0,alipay,1579355662
n53yv7b1hj,alipay,1579349497
b5wdvv1tc5,wechat,1579355215
zdcaxj30ic,wechat,1579356262
9pjizzmg03,alipay,1579355909
nw3jwjqm6n,alipay,1579356354
9vicyozq9u,alipay,1579346863
8nz8y25hka,alipay,1579351120
1tcy556bd4,wechat,1579347243
lftb2e6e2u,wechat,1579348255
twbkpn6076,alipay,1579356060
0p2hqqw5mk,alipay,1579354569
qw4ppix8br,alipay,1579352687
qhwww6vwnk,wechat,1579352180
vh461u3teq,alipay,1579349469
8845b9rq0w,alipay,1579351126
gbdijoqg16,wechat,1579356138
pykgcwhc0p,alipay,1579351202
423pdg80qt,wechat,1579349451
dusyeo0m83,alipay,1579355856
4i5ps8fl59,alipay,1579350447
ld4gmm3jr1,alipay,1579351431
xjuvd6d06j,wechat,1579356043
cia238go2y,alipay,1579355736
w229y8b5oa,alipay,1579351281
dh5hyfmflu,wechat,1579350925
9k3fram2kn,wechat,1579353502
g95g8d87jv,wechat,1579347065
lphmk2xg8t,wechat,1579349943
z7duid6908,wechat,1579354356
r3l1005flj,alipay,1579355814
btpz2opdko,alipay,1579353967
bw4et61rzx,wechat,1579350801
ky9ldbs7gl,wechat,1579349733
nkpz347wz4,alipay,1579348084
wp86dn8ilz,wechat,1579355514
at9jhy1azo,alipay,1579351498
nq2xbfvo5x,alipay,1579355948
4px7we9g2d,alipay,1579353231
7haqmok7x7,wechat,1579351527
ltzmmet2tj,wechat,1579346605
j9rlt9a9wd,wechat,1579352453
vbk68n72vu,alipay,1579355893
yef1nmnau7,wechat,1579349576
z2ny4fym6q,wechat,1579347883
5458vtkwnu,wechat,1579354851
zfm1mm99ww,alipay,1579347957
bp3sd50sz0,wechat,1579348233
d5grs195i2,wechat,1579346810
wn66eppjjf,alipay,1579352688
iseegpfwl9,wechat,1579352632
ubyo9majwy,wechat,1579354100
qa9cj4y0ec,wechat,1579347552
zfl9qsi9yz,wechat,1579348237
4n6k2wnlbi,alipay,1579356474
brkkqhmgfo,wechat,1579352671
fc48uw8dxr,alipay,1579351024
1vk36j43oh,wechat,1579347562
s3z50hturi,alipay,1579351285
4kzi80ac67,alipay,1579355549
ehglt7xkpc,alipay,1579353223
qrkwxs90ks,wechat,1579347657
pbfetb47jm,wechat,1579350286
thw4nrlkn4,wechat,1579349073
78jru5n1v6,wechat,1579353483
oe8kxqkrf9,alipay,1579355937
l3u1axzhbv,alipay,1579355498
hcd9xdadwd,wechat,1579351874
krv797ghsp,wechat,1579350819
oeu2n9scvk,alipay,1579350881
wg78h4igrl,alipay,1579355723
uvcneht0wy,alipay,1579351426
9wtf1g6e0v,wechat,1579349036
vm57icfmqp,wechat,1579355110
7daarldqze,wechat,1579347059
8jl4mpwjgw,alipay,1579352103
4v96voxnfa,wechat,1579353749
ugxj4qbk66,wechat,1579354696
6lhamt3v4a,wechat,1579350349
63sktwd469,wechat,1579349803
n6tsvitarm,wechat,1579346987
kyrh7718yu,wechat,1579350980
63u06jyteh,wechat,1579352482
logk8rx2qa,alipay,1579350665
m4o2p490lg,wechat,1579347552
vknm0olln1,wechat,1579353698
p03evi0z7t,alipay,1579350969
5lztk91psh,alipay,1579353925
vhxvw7ewyb,alipay,1579347780
kwmhi5uqld,alipay,1579346700
63cqztxmf8,alipay,1579353688
9z8bbzotzr,wechat,1579351441
y23k9zlf5p,alipay,1579349886
8qbeimdyt8,wechat,1579350049
762x9fb16v,alipay,1579348239
vbl4wdbxup,wechat,1579348945
tnfeqyp04r,wechat,1579347543
6wvt7jaq3z,alipay,1579354797
gbecvopfmd,alipay,1579347793
2vilq19dz7,wechat,1579346534
v19jdolhkp,alipay,1579350869
eq9qnkd1g4,wechat,1579349215
l0qm6d5yyg,alipay,1579352878
ai05v54qki,alipay,1579348465
7vms3namkr,alipay,1579355480
mb0b23xuq3,wechat,1579347777
zi3d707b81,alipay,1579350993
8ro80ger0i,alipay,1579354773
90sto55zyk,wechat,1579348775
s8mbuqgruc,wechat,1579346683
j7nu67fjgp,wechat,1579348479
5p9i61f04r,wechat,1579349770
pxtep11uaj,wechat,1579349116
0opm5o0ed8,wechat,1579352202
jflk1ovj27,wechat,1579351554
cafepu9g6k,alipay,1579354941
h0l5wn0yxb,alipay,1579356075
nciwy0br9t,alipay,1579350647
6i9vveu5e3,wechat,1579355926
7if5ggp37k,alipay,1579356299
o1xkqqhrbj,wechat,1579352393
45mu3cjk4t,alipay,1579351240
z9mjko7bmu,wechat,1579346902
8w7k3nylbl,alipay,1579348726
nnqare4ohs,alipay,1579350840
haxs3993mf,wechat,1579355682
ep4cj8cxcs,alipay,1579354406
281kd56ivy,wechat,1579352336
7tlypmkb8s,alipay,1579351618
c7ycr39agx,alipay,1579350700
rgonerr9m9,alipay,1579349815
4k99wa64bv,wechat,1579348409
ncpvuwc43f,alipay,1579348484
xdfittkh4u,alipay,1579352379
itfcrdkizc,wechat,1579354032
1gd80dakse,alipay,1579354928
6tt01bu2bt,wechat,1579354259
9ujq5dekcb,alipay,1579353537
ika14h27jj,alipay,1579348714
0ih86j2yy7,alipay,1579354263
x5v0e4os0w,wechat,1579348867
mfhgsrebxj,alipay,1579347973
1ur2dlyuq1,wechat,1579355057
dfouqj6q6p,wechat,1579348032
ah5omnqlc3,wechat,1579355600
ft3z7579kg,alipay,1579347836
9k61wsuv2n,wechat,1579347062
6ni0xsvovo,alipay,1579346693
54ofg3ecjo,alipay,1579353743
1d7pbvds01,alipay,1579352937
cjcrcqc091,wechat,1579348696
oe5m8mtda0,wechat,1579353888
ofts06zk9s,alipay,1579348242
w5f9tpz3oa,wechat,1579353273
dkiiadi9n6,wechat,1579346856
48jjfolhh8,wechat,1579348095
m5z60h9sfk,alipay,1579349568
atm0rwkz2p,wechat,1579348557
0svvbx3a4k,alipay,1579354551
54yxyvoxyc,wechat,1579346617
mryhjhdgal,alipay,1579349455
tqkzg63zkk,alipay,1579351050
3opnogr3b3,alipay,1579351227
woddtn6f5k,alipay,1579349444
5d3mr0xhm3,alipay,1579350652
dxd574rwrf,wechat,1579350477
5y642n6rzq,alipay,1579349631
welv268ad7,wechat,1579353045
lr8tth40q2,alipay,1579351385
kgwjghl4tw,wechat,1579352312
2v1e7b6xad,wechat,1579351142
qfga9wplqv,wechat,1579346605
5hef7bxihs,wechat,1579347662
mnh5ei1nux,wechat,1579353234
d93zyxp5vn,wechat,1579353979
2p3n3ll7mf,alipay,1579355761
eqj09tjb6x,wechat,1579349110
h8jv9dgsw0,wechat,1579350032
hf1tjzs2bd,alipay,1579351198
yrcmxp5ilx,alipay,1579351376
nrxuleeuzd,alipay,1579356487
5j3dpw53dg,alipay,1579350754
0l342c815t,alipay,1579347898
z23d7lg2iq,wechat,1579353386
19ubvo0rjx,wechat,1579351551
xjl9pgw920,wechat,1579349383
1094sdkeb8,wechat,1579349534
p3r92nlsk3,wechat,1579352255
80m1dnn2ns,alipay,1579352440
2c4yvsmwyr,wechat,1579347836
rn90eoxfp4,wechat,1579355781
5fa21okc2q,wechat,1579353088
ju1xpfnq82,alipay,1579350228
587cuzvs77,alipay,1579351574
7qyp0qcebm,alipay,1579346828
ti5oo4j83x,alipay,1579349932
5nde8ocg4j,wechat,1579354824
6fz06jpca6,alipay,1579347606
wz72wzosmy,wechat,1579351541
k0hky2e7l7,alipay,1579350307
50ozhxwrxu,alipay,1579350875
qhranj2slq,wechat,1579356179
3a8s92k018,wechat,1579349404
54z66y0tuj,wechat,1579352509
ohkqx0gbm7,alipay,1579346841
vefcpxg625,wechat,1579349952
fcuamvqaeg,wechat,1579350640
ud1hmuibov,alipay,1579350716
2rfzclkc24,alipay,1579352901
ixiv2u6xaf,wechat,1579346924
c4zt8dd91f,wechat,1579351443
9zl1qmpyci,alipay,1579355448
yva1x12q8r,wechat,1579355859
03xklqdjhb,wechat,1579355930
jj3pizytr9,wechat,1579353724
ir0klon27l,wechat,1579349406
96ayy1c55f,wechat,1579351707
21ikeowey0,alipay,1579355966
zdc7wrk1kh,alipay,1579351288
vsax85j48m,alipay,1579351244
nprqh9edcv,alipay,1579349024
91445xug5u,wechat,1579353157
rkeqcq3ycg,alipay,1579346858
0l1yqlti5x,alipay,1579352297
65vs8djusc,alipay,1579348850
zc2lo6dmn8,wechat,1579351639
7pj6y9vqps,wechat,1579346857
fdhvkm7c9o,alipay,1579353822
d60lbmrmqb,wechat,1579349230
pmixenh114,alipay,1579347163
o1avleye57,alipay,1579353363
pr8sz3wxvq,alipay,1579354775
qtjylokjss,alipay,1579355063
eeqqigbfk2,alipay,1579354682
i8zu1a2xap,wechat,1579355153
lqvrghvs2j,wechat,1579352669
ak6xd2ipq3,wechat,1579356438
fq4b95f72k,alipay,1579353742
qlidjxo5yp,alipay,1579352249
ciafam497i,alipay,1579352558
040dqtjg5v,wechat,1579351121
b709zk2ze4,alipay,1579347940
v1rukmk1d5,alipay,1579350878
4tp0k90y1l,wechat,1579351679
9d78wl3zav,wechat,1579349343
618oidrcwq,wechat,1579347257
jd2zlxxzv5,alipay,1579348261
ck7n593v3x,wechat,1579349788
db0h184dvy,wechat,1579351568
pqws0hkv1v,wechat,1579354542
oojhsqblto,alipay,1579349149
ob8lhkpao2,alipay,1579347740
ex9tv7dj7u,alipay,1579352399
kfrlcclcy0,alipay,1579349941
oagdhw5ahy,alipay,1579348515
44syq2zsda,wechat,1579349345
89t0vm49df,wechat,1579356283
2hhp4q4lua,alipay,1579349562
9f8xtu0f71,wechat,1579347316
sl0ldcv6ee,alipay,1579354035
9q2rqgmqqr,wechat,1579353189
ekirwz6z7d,wechat,1579347161
j7tikh4bzt,wechat,1579350744
zlz5593a7i,alipay,1579350395
f40hkvl674,alipay,1579354909
8pzotkuc00,wechat,1579350143
n5ugaw5qv9,alipay,1579350876
efh1flia5u,wechat,1579353077
ewwgrb88gk,alipay,1579355156
ejykbeqtun,alipay,1579353663
lv8icthmzt,wechat,1579348138
w66riloirq,wechat,1579348159
f3fmk1iz0e,wechat,1579349125
l1ncj5b72m,alipay,1579349113
x1f9dadmng,wechat,1579348497
g4gwmjgant,alipay,1579354467
bqwcygfyxr,alipay,1579350671
s6stge02nz,alipay,1579355797
zuztokfsgl,wechat,1579355795
0ltvlnmq0v,alipay,1579350911
0hy2t70bky,wechat,1579347776
cmrmoz7sys,wechat,1579347065
udiyuxy5oq,alipay,1579351138
al3qzhrnsw,wechat,1579352378
xl2y1mzyny,alipay,1579349468
8hgk0q3a4l,alipay,1579354713
ag1pihyh0o,alipay,1579353762
noyiyzi7s3,alipay,1579349203
p07jgdg3zs,wechat,1579349852
wivfdvnwdf,wechat,1579347923
er73vsleui,alipay,1579350272
138mbvl2f9,wechat,1579347774
pr47vwdhqf,alipay,1579347422
9ba18j2asj,alipay,1579355539
692381ffpq,alipay,1579351690
3on1ikm1l3,wechat,1579352310
gcksozoth0,alipay,1579350315
g2sgmrzare,wechat,1579352976
afed0fkcua,alipay,1579350209
9ekfz7vqkw,alipay,1579350338
id6zud83zk,wechat,1579350676
mptdqsu6l2,alipay,1579347530
6zjb7l0kcs,wechat,1579350077
qo2718pp3a,alipay,1579346916
iv8x8pt1xr,wechat,1579353786
o5oq9ipp0z,alipay,1579348398
5k7uv0h7wg,wechat,1579349523
sxkfw7bhgr,alipay,1579355147
z54jmsb9zx,alipay,1579350131
ortv60e8b7,alipay,1579350195
siigjixmpg,wechat,1579353130
ajsdpvlwb6,alipay,1579353011
a87dpfwtj4,wechat,1579351072
8070fn2vzw,alipay,1579351236
v6gbfrnrc7,alipay,1579346584
3ta26hq8kl,alipay,1579349060
fclbhfkyof,wechat,1579351272
fadjqhc950,alipay,1579350406
8tqkxnda8l,alipay,1579348206
djllf7lbt8,alipay,1579352022
9vncagboou,wechat,1579353558
jg8vqaep9z,alipay,1579348878
zf8554ukzw,wechat,1579354178
isgin9b6p8,wechat,1579351836
0df9d7k7nq,wechat,1579354363
ci51rptogs,wechat,1579355478
7ecusjvb9x,alipay,1579346878
iipqsst3ox,alipay,1579352173
da05pt6h5e,wechat,1579350438
zc0ka9iuva,wechat,1579346999
cjcuu3i44q,alipay,1579348247
oilqiy9w4c,alipay,1579346978
yjl2kqx3ap,alipay,1579349975
ha8vfsvbvx,alipay,1579347224
f467k6hxgd,wechat,1579352586
bll1r4ukhn,alipay,1579356064
8m0004024o,alipay,1579353809
9x9lt160wq,alipay,1579350982
t3855uann9,wechat,1579355716
r03ork1x8k,alipay,1579347309
12mkkuur5f,wechat,1579354882
v3h44ikkoo,wechat,1579351993
40om6paqz2,wechat,1579349896
ikbclm415y,wechat,1579355485
bv7tptbmpo,wechat,1579346604
h3yhcjlsig,alipay,1579355817
r9yux3mxeg,wechat,1579356428
wf8oooc9xm,alipay,1579350267
nba0emmc71,wechat,1579353300
bfnu8i535t,wechat,1579351679
seqk2aj01v,alipay,1579350358
7vhri0pbf9,wechat,1579348449
pghwerovy4,alipay,1579348388
61ps7v9uv1,alipay,1579349471
swynj761yj,wechat,1579354180
8wp5p6ojae,alipay,1579347927
z6ymp5ml1l,wechat,1579348475
7r8l69nkd6,wechat,1579350710
oxwzousb3f,wechat,1579349972
2g4808r8iz,wechat,1579353458
ocfm75g4o2,alipay,1579354000
xfjdnbdv9i,wechat,1579354745
8nc7k3tjgc,alipay,1579351861
pkib0lt5zd,wechat,1579346761
tolel2vsxc,wechat,1579349632
onz2vd6w8b,alipay,1579354010
acd41clcg2,wechat,1579353246
5svg448bki,alipay,1579355988
5x9o4t20vr,alipay,1579350046
hafxcwmc14,wechat,1579354595
synjs00z53,wechat,1579355687
hvgobzixxb,wechat,1579352104
7uq2vwf5c2,wechat,1579349268
hkfdvimqdx,wechat,1579350943
c5h0lbapcy,wechat,1579348864
98nn91wd3f,wechat,1579352212
fo8mj6dc1c,alipay,1579354246
4i5akzqdyh,wechat,1579355942
kjysmi0755,wechat,1579353545
08d1qwghxw,alipay,1579352371
ui75twa0wa,wechat,1579355800
z4j79zzdq8,alipay,1579350227
7e640sohqx,alipay,1579351948
7lifkt1uka,wechat,1579354937
bn1b8l57ct,wechat,1579352633
dnqokenj00,alipay,1579346949
n0pa9gpohg,alipay,1579352433
j5tnpy175d,wechat,1579347975
hf5fz1cca8,alipay,1579346559
9lkvlo1n18,wechat,1579350831
3f6590g7c5,alipay,1579347928
30hfi00b5q,alipay,1579346773
sa5wpr2pnj,alipay,1579349600
yup2v2f1lc,alipay,1579352778
4nvsad13l9,wechat,1579350004
r5tm2fcviw,alipay,1579349998
btffiip0sa,alipay,1579356145
73z7stf6ae,wechat,1579353842
p7sbf9d8gj,alipay,1579353013
5xfzmevsfq,wechat,1579355536
3o32a8w1rp,alipay,1579355801
jtgmegqki4,wechat,1579354825
rrwav7ks42,alipay,1579355210
5na3xzro81,alipay,1579353562
27igv2hoi8,alipay,1579355128
8xk3ywekib,alipay,1579350315
yz3wbkzlm2,wechat,1579356258
le4ekraaxw,wechat,1579346860
ioi0swrsq1,wechat,1579348904
9mabwtnele,wechat,1579348432
n83vg8l86s,wechat,1579353048
lnbqd02un4,wechat,1579350950
y7rg6904p5,alipay,1579354097
zg6iqqx6mq,wechat,1579350094
n8sapubc0x,wechat,1579348236
1feqi2ne84,wechat,1579349055
m1zah7nzi2,alipay,1579352194
pptjtfk64x,alipay,1579354069
i8i9gx07pd,alipay,1579348410
kl44cla7de,wechat,1579349439
teqepa5xry,alipay,1579348069
rntrun6fzd,wechat,1579346616
r959ujif1r,wechat,1579351315
tlv9kckf6x,alipay,1579355176
3iu20udkmz,wechat,1579356031
sw5r3rgmq3,alipay,1579347002
bbjpzy6cww,alipay,1579354030
yfhg6bvk2y,wechat,1579348861
2tn4livpsq,alipay,1579356242
jb4hld91lt,alipay,1579352682
g5q7s5z785,wechat,1579346531
s5c8wjkhib,wechat,1579347329
uos7j9jx7i,alipay,1579347151
b0ye7t3y9q,wechat,1579350430
llxa1ycbcp,alipay,1579347537
uo24vpgjdb,wechat,1579353899
v6fqeput00,wechat,1579352107
iillw6tma6,alipay,1579352215
74n4fo9fwi,wechat,1579352066
wneookf9c9,wechat,1579348200
pz8bimgb6g,wechat,1579350832
5wm307mgcv,alipay,1579347104
i6lrjr5wi2,alipay,1579352608
kyjoe8b5mo,wechat,1579356101
lx2osx66rt,wechat,1579348901
0ie72f2165,wechat,1579352988
socnqd8awr,alipay,1579348326
tj256fyivj,wechat,1579354805
zhx2hmzjpi,wechat,1579350899
rimtmkz91q,alipay,1579354416
dvf531c32o,alipay,1579349218
uss8yldrnq,alipay,1579350622
3dmch9or0g,wechat,1579355423
j7vs0v99c0,alipay,1579355330
m0w3rrggzn,wechat,1579354620
6p0eqiae12,wechat,1579349479
r16rqcakou,wechat,1579352586
ljjnzbnab2,wechat,1579347976
xrrg1mt9b2,wechat,1579348002
cijf4h2kz6,wechat,1579352697
ntphnehi2a,alipay,1579347194
xqq681jufn,wechat,1579351809
eqmv3duoi9,wechat,1579352442
0d16n0d9m1,alipay,1579353078
1qn3r5rr9o,alipay,1579353253
nqinjbv0ev,wechat,1579348649
45mijkjtgw,alipay,1579353709
sg9n5q1utr,alipay,1579348836
2izl693f7t,wechat,1579347974
uxb5i04qwc,wechat,1579352894
ig4hr6kvp6,alipay,1579350357
rkoxvtsgb4,wechat,1579355418
wxbq343yes,alipay,1579355944
1wchsqjste,alipay,1579348084
idhk0ef1zu,alipay,1579352759
mqfevr6eia,wechat,1579347748
afesjrsq0n,wechat,1579346621
sw9uftvt4m,alipay,1579353587
h3a25i4wa2,wechat,1579355479
gkth0rwvjm,alipay,1579347935
rqa2jj592r,wechat,1579350812
arsixk97cd,alipay,1579347713
a90gfyk8iy,alipay,1579349908
8palxagwzg,alipay,1579355988
bc5y9tujj2,wechat,1579354316
gonwk1up0j,wechat,1579356038
u1vhzapjh5,alipay,1579346567
x54roj2l0i,alipay,1579353571
biiyzss4hg,alipay,1579349378
hdune3cuju,wechat,1579356224
v064cul29i,alipay,1579349006
ce7h4deaq7,alipay,1579353338
tscbr227f4,alipay,1579347127
g0665oo9bj,alipay,1579353134
8oqnamlp4d,wechat,1579353702
sfw0gxum49,alipay,1579348893
ks4kw25dbr,alipay,1579346658
6ydlpnifdv,alipay,1579350516
7og73g9dkt,alipay,1579352865
0ehpx0kg3i,alipay,1579352907
l5p4dqs8zz,wechat,1579348928
gcptma7xgs,alipay,1579348063
47pq39u3u8,alipay,1579349585
hjhrn3xb7o,wechat,1579353431
s2zz1rank8,wechat,1579356127
kfyhpbd5jh,alipay,1579355125
ek9rgn7yay,alipay,1579347217
q45gxhnguq,wechat,1579350958
j4tz1ssb3g,wechat,1579349678
u8r4qunsr6,wechat,1579354861
lk27gtzxh5,alipay,1579347423
1h42dtkv2p,wechat,1579351245
as0024ldmm,wechat,1579352549
cpwm0urgop,wechat,1579355134
vb6517mq2e,wechat,1579353789
ii42u4efxy,wechat,1579351469
tmcagvonnu,wechat,1579354033
a6kbxatdav,alipay,1579354924
nmyfq7e35k,wechat,1579350424
0huw8z2bwr,wechat,1579349723
7g02pij0th,wechat,1579347646
tgxe9ek770,alipay,1579347551
gyqp6j7w5j,alipay,1579347465
ki1lyg79r1,alipay,1579350414
0b298whetz,wechat,1579355332
lrvrw9s2dy,alipay,1579354508
yr6fczy7qs,alipay,1579347890
wnges9b9pf,wechat,1579350597
g94zoz7f0n,wechat,1579353623
bdqq9xprqu,wechat,1579356172
kofjnog3uh,alipay,1579352561
8q9at6v11p,alipay,1579354770
dka80qdmu4,alipay,1579349918
8hwjda5myz,wechat,1579348203
wv3v1h1zjn,wechat,1579352911
2k7rkqwopn,wechat,1579348194
cxjfigjamp,wechat,1579349551
pf69nod64s,wechat,1579354910
carrh3rgu7,alipay,1579353189
f3im5y5oln,wechat,1579351252
i8l29iwra1,alipay,1579346815
zetvgpviz5,wechat,1579353374
p304bfblqr,wechat,1579346667
l3uf65yvj7,alipay,1579349908
r2dpstoeoa,alipay,1579355590
phyjs79vk7,alipay,1579354614
y7vmyu6j8d,alipay,1579352740
lr1544xehl,wechat,1579349781
752hsv0ci7,wechat,1579347760
pta8oa0pq5,wechat,1579350594
hzfvj8nj0n,alipay,1579354321
ofp5spxp63,alipay,1579353903
t6fzrbj1oi,wechat,1579350070
dzqijcsnoj,alipay,1579348352
ectltigj20,alipay,1579347449
0yem14ydc1,alipay,1579346667
1qq63h15r4,alipay,1579352585
7p8742tc0n,wechat,1579355041
ko3t8j47yc,alipay,1579347533
oin5hvppjp,alipay,1579349046
cc9csvw1x5,alipay,1579354438
awa7zz75xv,alipay,1579350188
ib4eg32mso,alipay,1579349087
ntb853x88r,wechat,1579352535
wvov4a9l13,wechat,1579354957
bizegy3dop,alipay,1579353888
ktm2vowzvx,wechat,1579348521
ylc2e9bq6t,wechat,1579352025
m2xt49910a,wechat,1579350995
236ms6mnot,wechat,1579352384
v45ue9orb1,wechat,1579351697
14vtg7yeez,alipay,1579349931
d1cft8y7l1,wechat,1579353423
09r0u57ky7,wechat,1579354616
fmqs1hv6jy,wechat,1579350823
0ftval8659,wechat,1579346785
xb6rlqcz4x,alipay,1579348596
i138acqoo9,alipay,1579356177
ryyf19nq7y,alipay,1579347532
cbadjr9ejx,wechat,1579355745
urlh2a4w90,alipay,1579352908
htvmaxaufv,alipay,1579349409
4lxxtam64x,wechat,1579351566
39dci6k3rw,alipay,1579351098
qd16pphedk,alipay,1579351095
j80ugt0aa4,wechat,1579350935
1fgs5tbzxa,wechat,1579346998
llbwqknjzo,alipay,1579353271
exbkqni78v,alipay,1579351460
ro3qi6lg99,wechat,1579350419
k182qvlo9v,alipay,1579350377
gstbp0esym,wechat,1579355406
jhubqah3dc,wechat,1579353689
prszm1zxy6,wechat,1579346837
x8ctd5dvx5,alipay,1579347744
xangqw9gv5,alipay,1579349034
51s9swwind,wechat,1579347400
i98wnhdlvo,alipay,1579351059
yhzb2cgj7v,wechat,1579349896
dztqurhtg7,wechat,1579348879
6cekg7b1rf,wechat,1579352117
t23peg75tz,wechat,1579356019
9vjsv55vi8,wechat,1579347848
tqfvk9rvyc,wechat,1579349343
fjw7twtebp,alipay,1579351812
kshxkmme71,alipay,1579348269
vv6jpbc12e,alipay,1579352881
flt10daejc,alipay,1579347702
xz22733xmy,wechat,1579349692
jouggyk4wy,alipay,1579347204
oi7grvykqt,wechat,1579348101
agonh3xwu7,alipay,1579351560
r9173hshdo,wechat,1579351386
bc6nm0tzmb,alipay,1579350750
yyew5iwzuq,alipay,1579350924
h5b2cw2qv8,wechat,1579350589
ivbogd2nn4,alipay,1579347200
nr2aktljli,alipay,1579348797
znd3vojanr,wechat,1579348396
rcerc1nyio,alipay,1579355107
8bu7he5js1,alipay,1579346610
9z3vt51qio,wechat,1579348177
omksqn0xhw,wechat,1579349762
1f3887icxy,wechat,1579346523
3mp3cjaw1o,alipay,1579350641
nfmd42jr3s,wechat,1579355465
if2zk1s9l2,alipay,1579353212
ra99eup4h2,alipay,1579347191
vaya2n9u5b,alipay,1579350317
d6s8vgzun1,alipay,1579356396
ql46wj6z41,wechat,1579356189
46toqidpml,alipay,1579349719
ufm1zn1mml,wechat,1579351827
d4ii1was1s,wechat,1579353192
fpsk49ll50,alipay,1579351210
0j9d8ntvq7,alipay,1579348258
1sgiemll7y,wechat,1579351582
bdcuwgffmb,alipay,1579353582
fnsrrfdj6i,alipay,1579351576
x8kpjn8j78,wechat,1579346821
cvm0jmqjcc,wechat,1579346829
uzklstrb5k,wechat,1579347806
mr2hwgr30g,alipay,1579353921
xru9thrp3t,wechat,1579352174
nljbpew0yh,alipay,1579349969
t72384f090,wechat,1579352391
edto0gfe10,alipay,1579346985
b8bjoj0c8k,alipay,1579351319
mx8nra527f,alipay,1579347275
hyk2zdhp3q,alipay,1579351992
j1a43tuz3m,alipay,1579348542
dq4rmmtkpo,wechat,1579356135
qwd4ju03qt,wechat,1579355131
76aogkf9nq,alipay,1579353077
z2ms3ywawl,alipay,1579354890
tr203z0xns,wechat,1579350193
8oy5851zua,alipay,1579349502
hhlip23wis,wechat,1579355768
1h317i8xt0,wechat,1579349825
s1ai3vq2t8,alipay,1579355297
a7e8xqlo2b,wechat,1579346762
gjuo5xz9do,wechat,1579352589
pvvk1h1jvs,alipay,1579352498
u6h36tj86d,alipay,1579347788
xh3l67u0mm,wechat,1579346560
ygcxdzisjb,wechat,1579355453
926ayatxzo,wechat,1579356082
7ciquwo192,wechat,1579347142
g3i42d3hap,wechat,1579349899
s2quit47zk,wechat,1579354644
14kcvqnos1,wechat,1579351667
2uepp4ds23,alipay,1579351915
2ynsbxocns,alipay,1579348061
ymxb4zqhy1,wechat,1579356099
tb88u0wqmz,alipay,1579354276
777g48p0sj,wechat,1579350560
xcw4mua8ud,wechat,1579350579
y49aqvq741,wechat,1579355778
v7tepk43h9,wechat,1579350438
uuvyelsnz8,wechat,1579347169
efattn5ukz,alipay,1579352889
uw8nnh9fib,alipay,1579352405
1ujqn6fois,wechat,1579349224
s1nv58x869,wechat,1579354664
4usc4zq5mm,wechat,1579346844
xswp9l6lj2,wechat,1579352374
qr5q9nqghn,alipay,1579351152
q5egd4zk8i,alipay,1579350489
btcyay09d0,alipay,1579349753
p1l61564qk,wechat,1579353109
jyc9aj0q02,alipay,1579351895
atxzpov3d1,alipay,1579352334
9h1d50z6nf,alipay,1579350097
e6gtm93278,wechat,1579353663
b7422e4ez3,wechat,1579350181
d819z8ljoy,alipay,1579353933
kq7klc21fq,alipay,1579350600
4nsyhhyt5c,wechat,1579353852
92pyneyx36,alipay,1579351819
5h4voibedm,wechat,1579353479
rd3mdy8pv6,wechat,1579351812
x8u5he5qmn,wechat,1579355704
h10tvuow6w,alipay,1579354255
v6fhcnbde1,wechat,1579349684
5q5tu66icz,alipay,1579351871
gayhofoenf,wechat,1579353523
7wkjscghro,alipay,1579348582
xz5z4x4ee7,wechat,1579353035
9bphrxb3ba,wechat,1579350599
vjvseh3kzg,wechat,1579351342
2ghkfu57sa,wechat,1579348395
fk5yy32g6d,wechat,1579352279
fqx11bp9h0,wechat,1579348615
rer4eeednn,wechat,1579349077
5u17zwpmdi,wechat,1579347439
g1v087x4jk,alipay,1579348679
9r3wc5irk8,wechat,1579354609
n2nxqk9rdu,wechat,1579351140
e8li967lfh,wechat,1579350438
poh14cjijd,alipay,1579353072
ts1jgjsn98,wechat,1579356453
y4dw7xqmbu,wechat,1579353834
jtzcxdyigq,wechat,1579354021
jshtj17bdd,alipay,1579353283
cz6spnd9pd,wechat,1579354305
iy11nh4gvc,alipay,1579350288
3430y9osdh,wechat,1579347179
zmy3hya5wq,wechat,1579351916
zigweyiovf,wechat,1579356387
be6oulf1fi,wechat,1579354247
dpbr1hqgzb,wechat,1579353139
yp1mkvwqbr,alipay,1579347081
oxelrgxczv,wechat,1579350573
p1gps3p74e,alipay,1579356488
09wcpui2ze,alipay,1579347097
qayylgl3ql,alipay,1579351075
drji2dvkrm,alipay,1579347476
bzaefy08jh,wechat,1579350157
knnekqjsyn,alipay,1579346698
npgvvwclw4,wechat,1579354573
etm7ynlhh5,alipay,1579353190
2da2qtimnh,wechat,1579353820
slodv20hqs,alipay,1579354699
p3b7qso0b7,alipay,1579356362
dznlnisp2g,alipay,1579352344
l8s6xnquxv,wechat,1579353514
j8bgcfkuwk,wechat,1579355710
cfqeah0wfb,wechat,1579351149
7prwbjji48,alipay,1579354644
20cgelmb31,wechat,1579347580
5sajh3p1q9,alipay,1579351450
18f2wyf2dy,alipay,1579350502
ejql2fv09s,wechat,1579350556
xd9uizd9qo,wechat,1579350583
yeujthin8q,alipay,1579351404
22godp7aju,alipay,1579354440
nmn847sol6,alipay,1579354304
ixvqkvh1fy,wechat,1579355092
00x1met9u4,wechat,1579348319
fw9hmce1hh,wechat,1579353727
8m2p75tov3,wechat,1579354837
r8ennn0r54,alipay,1579352621
rj16vn0nmc,wechat,1579350444
hsyk7hec3l,wechat,1579355403
zedze7b9pd,wechat,1579347941
bx41aakn9p,alipay,1579347506
twwtvoqx71,wechat,1579354918
v0f8zo89fw,alipay,1579346591
qj6xacq1t9,wechat,1579355145
rmyspnavk7,alipay,1579350032
pa2fu86jy3,wechat,1579349245
rvezcfbsz4,wechat,1579354122
p4qi7smlyl,wechat,1579347601
yzlatny0sq,wechat,1579347563
twxfvsoo86,alipay,1579350242
56zwyln3tt,alipay,1579350013
fuz3kx932b,wechat,1579355592
uqm2djf194,wechat,1579355002
uijxfvcfp3,alipay,1579352392
4qf8ge71i7,alipay,1579355342
er4llmxgzt,alipay,1579346831
zg13mmi6it,alipay,1579348340
oym7uqulai,wechat,1579350014
ecohbfckcz,alipay,1579347551
7dsz63shri,wechat,1579349225
g9urdpmx37,wechat,1579347605
0j74tzu82a,wechat,1579350157
sogmwd26bm,alipay,1579348729
3uws9iys07,alipay,1579356255
10c0p69nmo,wechat,1579347977
r92599n0n9,wechat,1579355635
fip3tblkqa,wechat,1579354897
0566yhxyvi,wechat,1579355650
0tzvq3yyef,alipay,1579350389
3rf9kfkfvr,alipay,1579350124
mhxkogudu2,alipay,1579348854
k2l9tgmkok,wechat,1579354503
m92hmlwjk5,alipay,1579355369
5vq7b7akxq,alipay,1579349725
cyswb52fhf,wechat,1579351602
uccl2858mh,wechat,1579356510
f2lxh3crwt,wechat,1579356440
aj38hkevl9,alipay,1579347910
2iqmz7f59y,wechat,1579349908
1gx8fy1fqj,wechat,1579349486
110v0ly6qe,wechat,1579351847
g2p6g67rz1,wechat,1579353274
p3zl3ka8f2,wechat,1579350027
73zazfivv8,wechat,1579353819
u67q9kt1i7,alipay,1579355916
r6sn68nwyb,alipay,1579351990
ovn0wbc0ht,alipay,1579350137
mmzmj3gswp,wechat,1579355036
aiyxx3vib7,alipay,1579353823
hv27dgceah,wechat,1579349395
btxt9y9tkq,wechat,1579356517
n916n5qflp,wechat,1579356140
u1lzbs0dyh,alipay,1579356065
qp9dgincb7,wechat,1579347622
63gqzjydla,alipay,1579351010
1a83lw7khq,alipay,1579347880
s540rrru9o,wechat,1579351426
fkqe83rav7,wechat,1579348673
u1timaj56v,alipay,1579349810
wi18em91vq,wechat,1579347621
wlrb9fzbuv,alipay,1579349718
xsxqrbtmq5,wechat,1579354876
y4zyu6m1y6,alipay,1579356111
5y3pszyfkn,wechat,1579349979
wl4jxyfqvo,alipay,1579348100
usx2tvg7l3,alipay,1579351117
02kfrp7se9,alipay,1579351662
oafv68xiah,alipay,1579354879
kzit2exu4z,alipay,1579347251
pvmrbnltkd,wechat,1579355764
0dd7u83upn,alipay,1579354756
1im7sqe9xi,wechat,1579351212
3dfiot9fd8,wechat,1579356190
bcliqg7495,wechat,1579349718
q9g255nacr,wechat,1579354706
p6i3aa9qdz,alipay,1579346737
gdgqgm44hu,wechat,1579347038
vplpyol8of,alipay,1579355469
e3o30583s6,wechat,1579355337
maej2mo11i,alipay,1579347415
l38pbh38to,alipay,1579353498
c3ljkxswoh,alipay,1579350607
b4vcy8zd0k,wechat,1579352536
gpe6atgs35,alipay,1579351813
icjnbg88vt,wechat,1579349364
lt0m1iasw4,wechat,1579352677
f13cbqtgxv,wechat,1579353399
tjw1arqmc0,alipay,1579348768
istr7z12my,wechat,1579355818
r4ipvp436c,wechat,1579354807
mgumpcytfv,wechat,1579347016
p7nlq7meq6,alipay,1579348957
d5e95s8uxa,wechat,1579348830
whsoqrxkeo,wechat,1579354013
3e0r0ymdr4,wechat,1579349431
0hzbmagkbv,wechat,1579353539
ovie6y7bdm,wechat,1579350444
bcrezpznle,wechat,1579346599
gk40mxygfr,wechat,1579347816
lmotkufe1e,alipay,1579355546
cujxjtcljo,alipay,1579350222
sl3tiu8kdf,wechat,1579347573
ifhzva0ww2,wechat,1579351396
w69njyk33f,wechat,1579352171
py0pbd589w,alipay,1579355664
e8k6o3ti20,alipay,1579353479
j14u92bfgw,wechat,1579349175
2ijp4suoaj,wechat,1579348625
4wubzvvoom,wechat,1579352864
jd2xanf13m,wechat,1579350568
ocw6qko2jo,alipay,1579346981
vqz212s4u5,wechat,1579346729
tz9yevanyp,wechat,1579351218
yabtfl6oj3,alipay,1579352724
hcn4hx1mrq,wechat,1579348893
i6t5kz78k9,wechat,1579353900
cc3nnt4flt,alipay,1579348445
5lj48gxs66,alipay,1579356053
7rule0ni3u,alipay,1579350572
30zuxm6txw,alipay,1579350696
2lubt8idad,wechat,1579354742
23hpoed30j,alipay,1579349553
2hb8usp7hu,alipay,1579354543
ki24rf3ut7,wechat,1579347587
038a2ffqjl,wechat,1579347325
0n7k95gl09,alipay,1579353775
01ffq8nyb7,wechat,1579349962
7bu0590qj3,wechat,1579354116
2w23roj74j,wechat,1579349185
ygo8c943ut,alipay,1579351896
vamcndeby1,alipay,1579351916
3l97bs7wp8,wechat,1579356108
51ib63k6g3,wechat,1579348312
3kqbe9smui,wechat,1579350111
9oapzsiire,alipay,1579347782
fkt5kyty7i,alipay,1579349098
rhur0urvd9,alipay,1579356202
8ejmy920oh,alipay,1579346760
sw780en5lw,alipay,1579350693
m9wrtdmwrn,alipay,1579348640
ktrda8lpjj,wechat,1579346921
4cdeiatfpw,alipay,1579352111
ze20idma7w,alipay,1579352655
5pm9udplbt,alipay,1579350659
sy5dgy51az,wechat,1579350524
thvfcr7j9o,wechat,1579353197
tfuo0d2x54,wechat,1579352335
dd4uxgyym7,alipay,1579347515
o8qtebn56x,alipay,1579347109
3vqir5hmrc,alipay,1579350645
p6jpu08bi4,wechat,1579355083
357ru2prs9,wechat,1579347932
b3glj8uwm8,wechat,1579350307
zbfvzifva2,alipay,1579346879
u0d1jexcn7,alipay,1579355208
knmncw6bps,alipay,1579351475
2x9iiarg0m,wechat,1579351484
mcz49bsh73,alipay,1579347648
s19qyt1cql,alipay,1579353058
edterypns5,wechat,1579350715
wzsswp49tg,wechat,1579348455
rta1ukvuz4,wechat,1579351263
83z8d3xjat,alipay,1579351935
4ks31ncos3,wechat,1579346772
qcx63w80pd,wechat,1579354991
6peapq3n9f,wechat,1579352469
kzh45r3enr,alipay,1579352397
yrbjc2wzbv,alipay,1579356377
4wfa64zvq6,alipay,1579349916
v5j5s34h3f,alipay,1579350371
4xtr0k8698,alipay,1579353967
dipc4gjlum,wechat,1579351129
librwd7kjk,wechat,1579347076
yd3oq9ntdm,wechat,1579352319
xjch48lw3q,wechat,1579346807
wisyuv4sn3,alipay,1579352114
n4m6790vb3,alipay,1579349967
sf96idadmu,alipay,1579348165
lyathq379n,wechat,1579348385
h2f8guz8vd,wechat,1579355539
rrb72jahoa,alipay,1579347327
pwl373w81j,alipay,1579351822
dsepxfjrln,wechat,1579352676
aranahesqc,alipay,1579347556
ymazos92x4,alipay,1579348458
sxq9amkwpj,wechat,1579349517
osvko9pi15,alipay,1579351935
6fu5tvopzb,alipay,1579348930
vfry1meouz,alipay,1579349588
qb5utwps6f,wechat,1579346669
xtpwmz14fr,alipay,1579353589
hqrwfcuec7,alipay,1579352728
blifgjlnzn,wechat,1579355048
0sozqqzzmj,wechat,1579347797
vuumbq7wpi,alipay,1579347275
tb4rw1dh6r,wechat,1579350674
5k6n58jynk,wechat,1579349557
6wdqnc8qrb,alipay,1579356374
23ccoodnyp,wechat,1579349571
11efdjzway,wechat,1579356359
jbu134eang,alipay,1579350410
dx26abaj1c,wechat,1579354047
kfcyklu4my,alipay,1579356461
6co7nhsrju,alipay,1579355945
ccbigbwcql,alipay,1579350850
d73xjfjaeh,wechat,1579351125
sukcayfusk,alipay,1579356059
aeqm3uyadd,alipay,1579349545
51r21dyghr,wechat,1579348414
a4jsun3eor,wechat,1579352762
63coi16jz2,wechat,1579346655
5cplwwcw0m,alipay,1579348936
kh23yfslq5,wechat,1579354549
esx4juxmmd,alipay,1579347743
7y9rm28n8j,alipay,1579347596
577it7s9z9,wechat,1579349766
r779q6ozvo,alipay,1579354282
oufhjjea47,wechat,1579349279
zo7rvqxup8,alipay,1579353060
y6ui7u1jhz,alipay,1579348925
54w3br1x54,alipay,1579347228
9kl56saln8,alipay,1579349744
thjp7asf7y,alipay,1579351256
b38mudl2p1,wechat,1579350244
5309rfadfx,wechat,1579353733
qe5taf7gtt,alipay,1579353753
q8imav1sxm,alipay,1579354081
0yn0nxpqg1,alipay,1579354184
00c9s2gnqd,wechat,1579352446
svw7z5pirh,wechat,1579356497
zsdjar7dmh,alipay,1579354793
e8skpxrmlj,wechat,1579349669
nkmtvdehsa,wechat,1579348088
mmglvzsnc8,alipay,1579346753
72af5c1trm,alipay,1579353712
1apb41im1i,wechat,1579348755
ioymj822t5,alipay,1579350731
q5ahs7v8ej,wechat,1579356484
8rzol8yaqv,alipay,1579354518
os3wylvhyx,alipay,1579347261
gocp26mqtn,wechat,1579350362
luewdozd6b,wechat,1579351440
xr5jcghymz,wechat,1579356153
8ef4duq0q3,alipay,1579347065
2icl0osy5r,wechat,1579353024
ft167szmgu,alipay,1579349669
69uz53k4ji,wechat,1579347901
3elfc3vut6,alipay,1579348195
drri8ujaw0,wechat,1579347329
fxd4vb7lbj,wechat,1579347365
9woml1joc2,alipay,1579347649
m3qmjx1gke,wechat,1579351400
vfj9kvtt04,alipay,1579352615
hksj3jmak4,alipay,1579353957
v1wslnnhdw,alipay,1579355900
s1rf9daubn,wechat,1579354367
n7lkw94zjl,wechat,1579352566
dvd0svdvst,wechat,1579350854
g0oku7jhcx,alipay,1579350557
h8jqir8sox,wechat,1579347224
sj4multto6,alipay,1579350544
w6r17rcqpo,alipay,1579350765
19sv5fyhhp,alipay,1579350020
u130nci2yg,alipay,1579355525
coa0qjnqr9,wechat,1579355469
ud7svyvifu,wechat,1579347003
6bp07iecfc,wechat,1579354644
phahxaii4r,alipay,1579351355
3cue8qegh9,wechat,1579349486
cq82a5ggsd,alipay,1579354689
p0exgaj4pm,alipay,1579349090
p87x0ogrtb,wechat,1579355737
wbaqlvpobd,wechat,1579351252
80ywd47s7c,wechat,1579348272
86zro8zgrv,alipay,1579350604
hdjvfplush,alipay,1579347991
2l969ubjzu,alipay,1579351106
blau8gkeab,wechat,1579352273
4xjyw35r30,wechat,1579350777
4sdf5orgj2,alipay,1579350221
mjn1hacrgy,alipay,1579346916
wfv2uie0xz,wechat,1579354679
vweb13nsmi,alipay,1579350807
ut3jzf1d8a,alipay,1579347586
4ccwqx3oj5,wechat,1579351900
absyniy149,wechat,1579354883
zfnzxitncw,alipay,1579352820
7ae8yl1mhu,alipay,1579347522
7fpqnmax10,wechat,1579348199
sw1cv1ny51,wechat,1579350602
km1wjtvr3z,wechat,1579352274
rr0t6ng3bv,alipay,1579353581
sdjf4y5ded,alipay,1579352501
p85ebqak93,alipay,1579350676
dp9u0ryx1f,alipay,1579348993
fso93eev71,alipay,1579352044
cw7fpbzxk1,alipay,1579352500
qoz5wppnqn,alipay,1579353169
iqv0k9xqvw,alipay,1579346874
q39yphhiqg,wechat,1579351983
es3szajmpw,alipay,1579355472
8g1yim9gwh,alipay,1579350677
etzgixbg3j,alipay,1579354791
hblv5woc5w,wechat,1579351926
e0rcw9lvkv,alipay,1579352781
l8604c8ese,alipay,1579347268
qz81oucnc8,alipay,1579353755
hs6b5xmza4,wechat,1579348796
crqowv7vr0,wechat,1579346568
jgynxii36r,wechat,1579353957
wbw9moaja5,alipay,1579347849
aiy8c5w35m,alipay,1579347280
g8u9vf3j6g,wechat,1579347448
f2l1tyrdhc,wechat,1579352141
vregr9l2kq,wechat,1579348995
zj4o9eojiq,wechat,1579350305
3gduhl6zy0,wechat,1579354477
d0qpy8sgck,wechat,1579346904
1i1bbjqppd,alipay,1579348080
pwrv4xfv86,wechat,1579353772
gagve60d4r,alipay,1579351200
1094qnmqa4,wechat,1579354594
72r2awog6r,alipay,1579347484
rf3vakhy8l,wechat,1579351214
wwt4hmsjyx,wechat,1579354043
y4izwz741w,alipay,1579351611
6e3lq9b3to,alipay,1579352549
dass7zj98z,wechat,1579346559
rgbhm9tp4m,alipay,1579351867
yc7nf1zbsj,alipay,1579353796
3mbmkmnef4,alipay,1579352030
5s5y8thgfp,wechat,1579355629
q928p4od4g,alipay,1579347953
d8b2m5ox2j,alipay,1579348350
w75496pm9g,alipay,1579350063
e7ribzsq4a,wechat,1579349577
c86vijnexp,alipay,1579348212
i1iyqc6qe2,wechat,1579352690
dhajt0dg5f,wechat,1579354691
dc246pu5j2,alipay,1579355896
37mhic0rl3,wechat,1579351915
anlx5tt2my,alipay,1579347157
ttvz5jwtp9,wechat,1579350492
58yhl462e4,wechat,1579355179
x144qwmsm8,alipay,1579353721
zeoo1wlvzi,wechat,1579350998
9x9kvqha2m,alipay,1579355337
xqz3opjoy5,alipay,1579354294
saq5rx433p,wechat,1579348304
ny3e6uqtyi,wechat,1579353517
kh5jn3cq80,wechat,1579353824
1zyi6l3fsw,alipay,1579349126
493n5x8uih,wechat,1579351359
8fpzbeogcl,alipay,1579354833
m5up3lf4u4,wechat,1579352435
vf13xlggcb,wechat,1579352573
eckskucpvp,wechat,1579353282
jxy325sygh,wechat,1579353145
hfpbt79ze3,alipay,1579353932
7cn8cvr4lf,wechat,1579355929
2191ybdk34,wechat,1579354310
5tj3zd7us8,alipay,1579347911
jnaavhl0fv,wechat,1579351063
r0cq83kza9,alipay,1579354350
r0tiwtemzr,alipay,1579352406
2c0abc9l08,alipay,1579350879
8fla2q4y8p,wechat,1579352080
xsg45dn433,alipay,1579349543
evmik25qfr,alipay,1579347691
0yw6b1sdl8,wechat,1579349359
vvb4eb5eoh,alipay,1579353148
76c57b3211,alipay,1579355351
62jg1o3x4x,wechat,1579349699
frg2si63ul,wechat,1579348665
gv3rvpmvmr,wechat,1579355148
3szoj9ezki,alipay,1579354409
4z32s94b3w,wechat,1579356245
dmfcpof4wc,alipay,1579353135
yypibvryy8,wechat,1579354936
0qjnxwnexf,alipay,1579356508
81wr1hhwgq,alipay,1579355208
44s35sr42j,alipay,1579347647
j14l2ewb6c,wechat,1579353588
kph6dr34vj,wechat,1579351859
4at5lk7caj,wechat,1579353003
o4fxh62sk2,alipay,1579354041
koc1s7dveo,wechat,1579346678
82b13141t1,alipay,1579354906
d0uuvfyxs9,alipay,1579356034
4ajdktg7wg,wechat,1579349361
yd7lm0gwd3,wechat,1579354107
07s0z5q0lt,alipay,1579346854
rtsk6odpc3,alipay,1579353932
97gxfy29bz,wechat,1579355339
yq3gbkeldh,alipay,1579349556
5nghfh6alu,wechat,1579347582
68u058mooi,alipay,1579355838
3c57qb5jco,alipay,1579351024
m5xftz4ypz,alipay,1579352068
q7ca556vyn,wechat,1579350093
0iv8ns8ck2,wechat,1579353555
e9kneqapf9,wechat,1579352975
ksp06jao2t,alipay,1579354824
paukd3xlov,alipay,1579353178
lsfgl14g30,wechat,1579347825
veeqk8zmlg,wechat,1579349934
zi04q4vapz,alipay,1579348633
w9575j2ta8,alipay,1579350456
mz4gi1lx6m,wechat,1579346547
m8bvwgshpx,wechat,1579351394
fhdpnp3lb1,wechat,1579350185
6ym3jfgk1m,wechat,1579356441
sw1l8mohop,alipay,1579356204
o026s2dd6c,alipay,1579351965
4di6v9b7pp,alipay,1579347614
nz8tjbwqz2,wechat,1579352816
h4wh0qs25f,wechat,1579350308
4k0vcprl10,alipay,1579355968
dz1ss62ukl,wechat,1579348385
b208a5vird,alipay,1579350575
cdx28lymuy,alipay,1579351127
o9anqcss9h,wechat,1579349161
no8idt01ol,alipay,1579347070
urati4bt7x,alipay,1579356185
9m185j7rmv,alipay,1579353515
1cmlc1qaga,alipay,1579347013
khpz5gr5s6,wechat,1579353041
5r7xycazpk,alipay,1579352451
k64epad2fe,wechat,1579352099
w0pyrc4g3o,alipay,1579351440
okmf9m0fdi,alipay,1579350613
5j8jb2xomp,wechat,1579347228
r0v837v6s0,alipay,1579355647
6ur35bhrw8,wechat,1579350420
dgjetzriud,alipay,1579346693
y7q3wexmrd,alipay,1579355662
7s93t0531r,alipay,1579354871
iuijwlo52o,alipay,1579347395
7pzkyt25p9,wechat,1579353452
ey491n45yc,wechat,1579354114
ufhc4w15r0,wechat,1579352489
1msmm08531,wechat,1579349880
dgos1ototd,wechat,1579356083
b7yv4wub8f,wechat,1579356430
trastevw2h,wechat,1579346804
fgf5xjt9m9,alipay,1579349192
x9lnut4981,alipay,1579348160
03nvdfxb92,wechat,1579355729
7iuveq2fr3,alipay,1579352612
98o73yahp2,wechat,1579355710
h2madwe2ou,wechat,1579349659
w7ault35b4,wechat,1579347367
e40lm36ief,wechat,1579355715
x3dfq2fxvl,alipay,1579346581
d5llinfnp6,alipay,1579355165
dvj3ndc9ji,wechat,1579351237
1wm5jkjckc,alipay,1579349830
h3qm2iq36y,alipay,1579355288
51gbpe2xk1,alipay,1579352308
m3xylesn5k,alipay,1579354087
umvtnf47g2,wechat,1579347192
lfvawipgi8,wechat,1579354996
4y8czz5912,alipay,1579352973
luex6s0l9w,wechat,1579354991
l24qqn2np9,wechat,1579346628
v9nj8cto34,wechat,1579350080
h9c4fi7ls1,wechat,1579352314
w5mdaslar4,alipay,1579349670
ato48yknsg,wechat,1579355396
eh5t2yre09,alipay,1579352765
pakvpge6hq,alipay,1579353114
dp46vnez9z,alipay,1579351797
9i38yoknx3,alipay,1579353580
4b23tvbmgb,alipay,1579354274
m7zsfripd7,alipay,1579355540
9xq65tpjgc,wechat,1579351975
o2dn25peaj,wechat,1579352330
ljz7tbi4d3,wechat,1579352418
87nlak9ptm,alipay,1579354813
5s8iloctd1,wechat,1579347531
004wbt0ka0,wechat,1579349729
wt880n1293,wechat,1579350019
8nrnp54nu9,alipay,1579351846
43qjdcqlol,wechat,1579348807
hppd76a8of,alipay,1579350589
5loi98p93v,wechat,1579351101
45h3gskjal,wechat,1579354391
dh4ct7ap83,alipay,1579350103
58nebmxnm0,alipay,1579348950
g4pr5e0zuq,alipay,1579354253
wcibr4pwfg,wechat,1579348721
98f6lrxr0v,alipay,1579355936
7vpn0l1i0g,wechat,1579354585
r4wiilgnu3,wechat,1579355080
vrkudnho19,wechat,1579354394
k1cvfziyau,wechat,1579355781
kvhu3w2xgh,alipay,1579347290
hv2kzubpgr,wechat,1579352150
7xt2wrjnv3,alipay,1579347148
qu7n6f6li3,wechat,1579352963
r0r3gtkmu9,alipay,1579355253
vo3e2gmrzq,alipay,1579353364
sgjldgidcs,wechat,1579347440
w94ytpf5gj,alipay,1579355855
80l4v66obs,alipay,1579356287
3welngzl7f,alipay,1579352152
aybm5cyro9,wechat,1579354699
89af3d71i2,wechat,1579352047
71t2hnft81,wechat,1579353226
iclu93ngjb,wechat,1579355413
har0rphmae,wechat,1579349804
lsc33fdq10,alipay,1579348664
wbrmndogk3,wechat,1579347256
7c89na7uvw,alipay,1579347613
6wx926vi82,wechat,1579350850
7r14puh4tp,alipay,1579354472
8o9ckvld3u,wechat,1579355492
nop8ihe9xb,wechat,1579347958
gt9iaxavu8,wechat,1579349721
ffczbm9yrr,wechat,1579351965
b24ffeldj1,alipay,1579351563
evj1d9ivqh,wechat,1579350044
e4140n1dia,wechat,1579349525
j3goy5nwv6,alipay,1579350072
7bk8bywonl,wechat,1579350527
6vcubqhmox,alipay,1579355919
vjlni4h6zf,alipay,1579355419
50rl2qxfm0,alipay,1579350662
6tlv4p0dta,wechat,1579351868
l68t0gxjms,wechat,1579348951
a0aasibckp,alipay,1579353868
x1ms3uvwor,alipay,1579354510
utg1gqhalv,wechat,1579346902
f800ommklj,alipay,1579352426
w5h9l6y5wv,alipay,1579347878
oulxzck7xw,wechat,1579354881
9q5ewtzoo8,alipay,1579349348
m9swt128l8,alipay,1579353287
8f3gtyuru2,alipay,1579348240
3m4y7f046l,alipay,1579349403
vy56qk66s2,alipay,1579350372
gv0n476b8v,alipay,1579352935
xuya5meopl,alipay,1579353318
sd15r4plvi,alipay,1579353394
gnkztyrfhl,wechat,1579351893
zrpe9ul9r7,alipay,1579349494
cfcte8xvb9,alipay,1579352441
93d78jtcbj,wechat,1579350299
5tgw4m6hx5,wechat,1579354430
7siht9nf73,wechat,1579348460
tixeoa1479,wechat,1579350407
rb4z7gph17,wechat,1579347406
u305if60t2,wechat,1579348287
nlewwexsai,wechat,1579351155
fkcdm0co2t,alipay,1579353165
7k8k8s1xqs,wechat,1579347511
vs2b170up4,alipay,1579349357
od4hq17wen,alipay,1579352887
btqrkfvdks,wechat,1579347202
444k7a8nz6,wechat,1579349681
etemsi7y0k,alipay,1579353352
3k3uhrzobq,alipay,1579355242
6jua8bw309,alipay,1579347673
205xdy4jne,wechat,1579354797
zaoicdojog,wechat,1579354724
84snpt4dj5,alipay,1579349410
82neojluad,alipay,1579352816
3bkwuh3f5y,wechat,1579354026
vaf15s0ecs,alipay,1579349083
u3ebdmekw7,alipay,1579349972
us685qt53w,wechat,1579354697
e57kigmoou,alipay,1579350894
q8zcs1pnx9,wechat,1579350395
lm6rgr969t,wechat,1579351052
ii6g8uuot8,alipay,1579348808
ih73bgh674,alipay,1579350125
637fo5dpjf,wechat,1579346749
dsxwlexey2,alipay,1579349255
hiicxxsekr,alipay,1579347573
44y0frddzi,wechat,1579348902
28gpcqwmb5,alipay,1579350987
lpd6t6o7ld,wechat,1579350297
q92qfgpkna,alipay,1579355299
qni8kf4ur7,wechat,1579348726
wiga3de8yo,alipay,1579354975
spme9jcvui,alipay,1579348751
c5k2jsra6r,alipay,1579354595
6xc5ph0imt,wechat,1579348522
fiygcovg8r,alipay,1579348818
u4qc3pxxb2,alipay,1579352818
svxomacwaj,alipay,1579346822
dpx61gbgpy,wechat,1579352177
8skhmqn41h,alipay,1579348800
1kx7e3ofsh,wechat,1579348530
qwf83ystrb,wechat,1579351598
jqgbbwj1mb,alipay,1579356144
jf77yacavy,wechat,1579350331
hvr1tf5kb9,wechat,1579350316
qybx40iy7x,wechat,1579352893
q3hqp4x6ht,alipay,1579355315
li87i3hib0,wechat,1579354712
1zkinqb2jv,wechat,1579347326
4nmrm38jer,wechat,1579351771
8dugmikhb9,alipay,1579347785
8yes9z5ssm,alipay,1579350983
wbl7bc998f,wechat,1579347444
oqg5uvhw4m,alipay,1579348304
93kx0fay6z,alipay,1579351709
jy5vc51wid,wechat,1579346659
yer1d8mxco,wechat,1579353395
lp3cbfpe82,alipay,1579347692
kubzsqi3kr,alipay,1579349884
ywposi2a7l,alipay,1579353631
x5uglfjp5q,alipay,1579347853
wbulkcbuoz,wechat,1579348153
f7znpjn75a,wechat,1579350249
yc8ijj5uek,alipay,1579348036
ls2yg9iqps,alipay,1579346984
lu30quga8r,wechat,1579350588
6l02wv826l,alipay,1579352941
g5l8dfpc65,wechat,1579355372
l19molnhuy,alipay,1579354320
eip3gutcs9,alipay,1579352593
l3c4prri8q,alipay,1579347091
4hwcc4u01n,alipay,1579354650
dvsn6k4tf4,wechat,1579349386
f81ahtscgb,alipay,1579351829
bqi65sk2a9,wechat,1579353013
fxfduo045y,wechat,1579347878
26aw3ojp6g,wechat,1579347992
nosl5u6708,alipay,1579356311
pb7qxgvxte,wechat,1579347953
959o9gnati,wechat,1579353660
xlwfydwstv,wechat,1579353607
c3m7ghpf8q,alipay,1579351641
zuvdee1kw2,alipay,1579356061
8y72xax12m,alipay,1579356197
zt4nt4rebz,alipay,1579351724
l9yl5fv3ss,wechat,1579347731
ob5bhx5hos,alipay,1579355759
3x5wrfuh74,alipay,1579353493
uezejp60eh,wechat,1579351634
gpp3trfglb,wechat,1579350051
iyrjdy10k4,alipay,1579350147
n6r0a2fptd,wechat,1579351033
1tywcmcrpz,wechat,1579352522
fkqskqj1h5,alipay,1579352946
y6tlhcrxb1,wechat,1579348641
lh4hmonnse,alipay,1579349743
3k893ypm6m,wechat,1579353299
qcu9x0rqtv,alipay,1579355055
rhrzw9abwb,wechat,1579350481
lvd0x5pqiq,alipay,1579349506
za2vsj99ld,wechat,1579348085
f31waeaxkx,alipay,1579349376
xzkz57asub,alipay,1579353287
ytiyvo2tn9,alipay,1579352034
78eb4ty1kl,alipay,1579351752
enc8wm5fxx,alipay,1579353013
scz22fgza1,wechat,1579352324
uooxp01d5w,alipay,1579349380
778qhozlpn,alipay,1579352451
xdqwrnxfcq,alipay,1579354150
dotmslalbq,alipay,1579348641
wixr5748uy,alipay,1579346874
ztnsl6v9u8,alipay,1579350527
9p5cp2t5xh,alipay,1579356274
8it9gqwelm,alipay,1579346742
r58x522fjm,alipay,1579351782
5or9t848if,alipay,1579355743
68saoeskjo,alipay,1579352218
gzhuohcv1o,wechat,1579354961
z9ej5gs0c3,wechat,1579351473
6nzb8cbz8j,alipay,1579347219
b2w91yjium,alipay,1579353022
0ugmeth7ug,wechat,1579354205
0pfj3sow9l,alipay,1579347379
04f9pi9ttc,alipay,1579353015
hwsstjzl0d,wechat,1579349189
3sqdlf5fot,alipay,1579353218
jzyrq89q56,wechat,1579353546
6t6xc42kms,alipay,1579348752
vjwbz6vrn2,alipay,1579354352
3n1wkfwejd,wechat,1579351046
r9on8gzdwv,alipay,1579351051
mtuj4x3dbc,wechat,1579347205
8yjthbwkje,wechat,1579353895
j2yqh2z3ux,alipay,1579349854
8p3ein9lst,wechat,1579352090
s3p6wg3wl7,wechat,1579353262
codky5gfhj,alipay,1579353576
oauazjkuh3,alipay,1579353766
a3v4f4fkzu,wechat,1579350021
0dpvbihkmb,alipay,1579351184
i00qj1c8z4,wechat,1579355678
o7irfvsno7,alipay,1579351891
5py7cj29ti,wechat,1579354136
yjyirjccy1,alipay,1579353565
06s44col9r,wechat,1579352744
z1c1ju2v4a,alipay,1579356195
aatpzw0rz2,alipay,1579350481
mg9se6woaa,alipay,1579353909
jvkk2ee1l8,alipay,1579351411
5bu633lgxa,wechat,1579347390
nhbh88bxod,wechat,1579352480
znojs6uoyw,wechat,1579347243
n1utfxavbj,wechat,1579351407
ys2f8cxlut,wechat,1579354499
rf8g1cefif,alipay,1579347679
pcn14r9lxc,wechat,1579355677
pqkoyqkf5o,wechat,1579347238
syzhortqx4,alipay,1579356262
f0rbhobe8t,alipay,1579349385
4vrglp285c,alipay,1579348320
h4ggjjho1z,wechat,1579352596
2kio8twp5k,wechat,1579355045
r10awcm4cp,alipay,1579354490
ifcvsq7qen,alipay,1579347481
xk7cuqbt49,alipay,1579350047
kmgwbh90z5,alipay,1579356427
fk2oy2zlkd,alipay,1579351273
xmjecien12,wechat,1579355545
e3eiwna5jm,alipay,1579351026
a8vabrk7wn,alipay,1579350109
icpabei1oy,alipay,1579353465
84q3jxsavz,wechat,1579349468
6oq0ak2hmn,wechat,1579353667
3de84bulpy,alipay,1579350333
ak8keulx0s,alipay,1579349374
we0qk945fk,wechat,1579352274
k5483pr9gj,alipay,1579348537
bz260q1nni,wechat,1579356448
maj5ahuepx,alipay,1579347347
yx8o2vq12x,alipay,1579353496
jjoif5mowm,alipay,1579354785
087a8qsufu,wechat,1579346818
d86sb4bcy9,wechat,1579351370
08j4giwq9s,alipay,1579352955
q7l56skq5s,wechat,1579351754
itnmhlo8km,alipay,1579351709
bofihgtm25,wechat,1579353080
lkshj68mja,alipay,1579354798
yvr2p9ptp3,wechat,1579353604
ejvbdlgc99,alipay,1579353331
dr06uagdv9,alipay,1579349003
05qe8ppp4b,wechat,1579351215
dh3uy96p94,wechat,1579346972
mnjdmr17o2,alipay,1579353702
4ivin3q1yo,wechat,1579354276
j63do26yrl,wechat,1579347738
xx1ep5chcm,wechat,1579354215
5rehffd0sb,wechat,1579353494
ol1dd3d322,wechat,1579346667
gpkiacv8fk,alipay,1579354547
6obzz0bc8d,alipay,1579347274
4pofd902bb,wechat,1579347518
qyokocm2es,wechat,1579347171
qzn9rh2ilk,wechat,1579350682
zvky3z2quz,alipay,1579349699
h1iesgshc6,alipay,1579355030
kso1d0ppa9,alipay,1579355972
zhbcshtzmc,alipay,1579350600
kudndenpd2,wechat,1579346870
e4ra5wa445,wechat,1579355500
dzkjh0j06e,alipay,1579355057
oy7rkm0mib,wechat,1579354959
bzlgy79hyc,alipay,1579346959
4s1ss8ipvz,wechat,1579353028
zfcveroidl,alipay,1579351286
v2nacuanb9,wechat,1579350070
8dbvums0zq,wechat,1579347665
ds65ytk6ol,wechat,1579355062
tjbh2h245o,alipay,1579356183
pwv7777swu,wechat,1579352924
rflizw1hbt,alipay,1579356273
073ymdtthc,alipay,1579353573
ga40dqa70x,alipay,1579351257
k1xhulbubu,alipay,1579351192
w61p498quu,wechat,1579353055
xv0xqlnkmo,wechat,1579349371
2kh9h4x9ip,wechat,1579350136
demfkuubxn,wechat,1579350137
sv985zavm7,alipay,1579350580
b8auw6bxz3,alipay,1579352713
7297a4su18,alipay,1579351302
thb5dblg79,wechat,1579350834
mvehe33at8,wechat,1579353945
wj6uvg99cm,alipay,1579355865
nq6iqckzhk,wechat,1579347708
2c9iwjeunb,wechat,1579346621
kx167vtvuv,wechat,1579349487
e64f2s563d,wechat,1579355793
64w029v3n6,alipay,1579352088
